[{"fields": {"name": "Big game"}, "model": "resv.gametype", "pk": 1}, {"fields": {"name": "Waterfowl"}, "model": "resv.gametype", "pk": 2}, {"fields": {"name": "Fishing"}, "model": "resv.gametype", "pk": 3}, {"fields": {"name": "Turkey"}, "model": "resv.gametype", "pk": 4}, {"fields": {"name": "Pheasant"}, "model": "resv.gametype", "pk": 5}, {"fields": {"name": "Dove / Quail"}, "model": "resv.gametype", "pk": 6}, {"fields": {"name": "Varmit"}, "model": "resv.gametype", "pk": 7}, {"fields": {"game_type": 1, "name": "Pig"}, "model": "resv.game", "pk": 1}, {"fields": {"game_type": 1, "name": "Deer"}, "model": "resv.game", "pk": 2}, {"fields": {"game_type": 2, "name": "Waterfowl"}, "model": "resv.game", "pk": 3}, {"fields": {"game_type": 3, "name": "Camp & Fish"}, "model": "resv.game", "pk": 4}, {"fields": {"game_type": 4, "name": "Turkey"}, "model": "resv.game", "pk": 5}, {"fields": {"game_type": 6, "name": "Dove"}, "model": "resv.game", "pk": 6}, {"fields": {"game_type": 6, "name": "Quail"}, "model": "resv.game", "pk": 7}, {"fields": {"game_type": 5, "name": "Pheasant"}, "model": "resv.game", "pk": 8}, {"fields": {"game_type": 7, "name": "Varmit"}, "model": "resv.game", "pk": 9}, {"fields": {"game": 1, "name": "State wide"}, "model": "resv.gameregion", "pk": 1}, {"fields": {"game": 2, "name": "A Zone"}, "model": "resv.gameregion", "pk": 2}, {"fields": {"game": 2, "name": "B Zone"}, "model": "resv.gameregion", "pk": 3}, {"fields": {"game": 7, "name": "Zone 1"}, "model": "resv.gameregion", "pk": 4}, {"fields": {"game": 7, "name": "Zone 2"}, "model": "resv.gameregion", "pk": 5}, {"fields": {"game": 7, "name": "Zone 3"}, "model": "resv.gameregion", "pk": 6}, {"fields": {"game": 3, "name": "Southern Zone"}, "model": "resv.gameregion", "pk": 7}, {"fields": {"game": 3, "name": "NE Zone"}, "model": "resv.gameregion", "pk": 8}, {"fields": {"game": 3, "name": "Outside of Sac. Dark Goose Exclu. Zone"}, "model": "resv.gameregion", "pk": 9}, {"fields": {"game": 3, "name": "Balance of State"}, "model": "resv.gameregion", "pk": 10}, {"fields": {"game": 4, "name": "State wide"}, "model": "resv.gameregion", "pk": 11}, {"fields": {"game": 5, "name": "State wide"}, "model": "resv.gameregion", "pk": 12}, {"fields": {"game": 6, "name": "State wide"}, "model": "resv.gameregion", "pk": 13}, {"fields": {"game": 8, "name": "State wide"}, "model": "resv.gameregion", "pk": 14}, {"fields": {"game": 9, "name": "State wide"}, "model": "resv.gameregion", "pk": 15}, {"fields": {"ranch": 1, "game_region": 1}, "model": "resv.gameregionranch", "pk": 1}, {"fields": {"ranch": 2, "game_region": 1}, "model": "resv.gameregionranch", "pk": 2}, {"fields": {"ranch": 3, "game_region": 1}, "model": "resv.gameregionranch", "pk": 3}, {"fields": {"ranch": 8, "game_region": 1}, "model": "resv.gameregionranch", "pk": 4}, {"fields": {"ranch": 9, "game_region": 1}, "model": "resv.gameregionranch", "pk": 5}, {"fields": {"ranch": 10, "game_region": 1}, "model": "resv.gameregionranch", "pk": 6}, {"fields": {"ranch": 11, "game_region": 1}, "model": "resv.gameregionranch", "pk": 7}, {"fields": {"ranch": 12, "game_region": 1}, "model": "resv.gameregionranch", "pk": 8}, {"fields": {"ranch": 18, "game_region": 1}, "model": "resv.gameregionranch", "pk": 9}, {"fields": {"ranch": 22, "game_region": 1}, "model": "resv.gameregionranch", "pk": 10}, {"fields": {"ranch": 24, "game_region": 1}, "model": "resv.gameregionranch", "pk": 11}, {"fields": {"ranch": 26, "game_region": 1}, "model": "resv.gameregionranch", "pk": 12}, {"fields": {"ranch": 27, "game_region": 1}, "model": "resv.gameregionranch", "pk": 13}, {"fields": {"ranch": 28, "game_region": 1}, "model": "resv.gameregionranch", "pk": 14}, {"fields": {"ranch": 30, "game_region": 1}, "model": "resv.gameregionranch", "pk": 15}, {"fields": {"ranch": 34, "game_region": 1}, "model": "resv.gameregionranch", "pk": 16}, {"fields": {"ranch": 36, "game_region": 1}, "model": "resv.gameregionranch", "pk": 17}, {"fields": {"ranch": 42, "game_region": 1}, "model": "resv.gameregionranch", "pk": 18}, {"fields": {"ranch": 48, "game_region": 1}, "model": "resv.gameregionranch", "pk": 19}, {"fields": {"ranch": 49, "game_region": 1}, "model": "resv.gameregionranch", "pk": 20}, {"fields": {"ranch": 1, "game_region": 2}, "model": "resv.gameregionranch", "pk": 21}, {"fields": {"ranch": 2, "game_region": 2}, "model": "resv.gameregionranch", "pk": 22}, {"fields": {"ranch": 3, "game_region": 2}, "model": "resv.gameregionranch", "pk": 23}, {"fields": {"ranch": 8, "game_region": 2}, "model": "resv.gameregionranch", "pk": 24}, {"fields": {"ranch": 9, "game_region": 2}, "model": "resv.gameregionranch", "pk": 25}, {"fields": {"ranch": 10, "game_region": 2}, "model": "resv.gameregionranch", "pk": 26}, {"fields": {"ranch": 11, "game_region": 2}, "model": "resv.gameregionranch", "pk": 27}, {"fields": {"ranch": 12, "game_region": 2}, "model": "resv.gameregionranch", "pk": 28}, {"fields": {"ranch": 18, "game_region": 2}, "model": "resv.gameregionranch", "pk": 29}, {"fields": {"ranch": 22, "game_region": 2}, "model": "resv.gameregionranch", "pk": 30}, {"fields": {"ranch": 24, "game_region": 2}, "model": "resv.gameregionranch", "pk": 31}, {"fields": {"ranch": 26, "game_region": 2}, "model": "resv.gameregionranch", "pk": 32}, {"fields": {"ranch": 27, "game_region": 2}, "model": "resv.gameregionranch", "pk": 33}, {"fields": {"ranch": 28, "game_region": 2}, "model": "resv.gameregionranch", "pk": 34}, {"fields": {"ranch": 30, "game_region": 2}, "model": "resv.gameregionranch", "pk": 35}, {"fields": {"ranch": 34, "game_region": 2}, "model": "resv.gameregionranch", "pk": 36}, {"fields": {"ranch": 36, "game_region": 2}, "model": "resv.gameregionranch", "pk": 37}, {"fields": {"ranch": 42, "game_region": 2}, "model": "resv.gameregionranch", "pk": 38}, {"fields": {"ranch": 11, "game_region": 6}, "model": "resv.gameregionranch", "pk": 39}, {"fields": {"ranch": 24, "game_region": 6}, "model": "resv.gameregionranch", "pk": 40}, {"fields": {"ranch": 26, "game_region": 6}, "model": "resv.gameregionranch", "pk": 41}, {"fields": {"ranch": 30, "game_region": 6}, "model": "resv.gameregionranch", "pk": 42}, {"fields": {"ranch": 5, "game_region": 10}, "model": "resv.gameregionranch", "pk": 43}, {"fields": {"ranch": 6, "game_region": 10}, "model": "resv.gameregionranch", "pk": 44}, {"fields": {"ranch": 7, "game_region": 10}, "model": "resv.gameregionranch", "pk": 45}, {"fields": {"ranch": 15, "game_region": 10}, "model": "resv.gameregionranch", "pk": 46}, {"fields": {"ranch": 16, "game_region": 10}, "model": "resv.gameregionranch", "pk": 47}, {"fields": {"ranch": 17, "game_region": 10}, "model": "resv.gameregionranch", "pk": 48}, {"fields": {"ranch": 19, "game_region": 10}, "model": "resv.gameregionranch", "pk": 49}, {"fields": {"ranch": 21, "game_region": 10}, "model": "resv.gameregionranch", "pk": 50}, {"fields": {"ranch": 29, "game_region": 10}, "model": "resv.gameregionranch", "pk": 51}, {"fields": {"ranch": 31, "game_region": 10}, "model": "resv.gameregionranch", "pk": 52}, {"fields": {"ranch": 32, "game_region": 10}, "model": "resv.gameregionranch", "pk": 53}, {"fields": {"ranch": 33, "game_region": 10}, "model": "resv.gameregionranch", "pk": 54}, {"fields": {"ranch": 37, "game_region": 10}, "model": "resv.gameregionranch", "pk": 55}, {"fields": {"ranch": 37, "game_region": 10}, "model": "resv.gameregionranch", "pk": 56}, {"fields": {"ranch": 41, "game_region": 10}, "model": "resv.gameregionranch", "pk": 57}, {"fields": {"ranch": 44, "game_region": 10}, "model": "resv.gameregionranch", "pk": 58}, {"fields": {"ranch": 4, "game_region": 11}, "model": "resv.gameregionranch", "pk": 59}, {"fields": {"ranch": 9, "game_region": 11}, "model": "resv.gameregionranch", "pk": 60}, {"fields": {"ranch": 13, "game_region": 11}, "model": "resv.gameregionranch", "pk": 61}, {"fields": {"ranch": 20, "game_region": 11}, "model": "resv.gameregionranch", "pk": 62}, {"fields": {"ranch": 38, "game_region": 11}, "model": "resv.gameregionranch", "pk": 63}, {"fields": {"ranch": 47, "game_region": 11}, "model": "resv.gameregionranch", "pk": 64}, {"fields": {"ranch": 48, "game_region": 11}, "model": "resv.gameregionranch", "pk": 65}, {"fields": {"ranch": 50, "game_region": 11}, "model": "resv.gameregionranch", "pk": 66}, {"fields": {"ranch": 52, "game_region": 11}, "model": "resv.gameregionranch", "pk": 67}, {"fields": {"ranch": 53, "game_region": 11}, "model": "resv.gameregionranch", "pk": 68}, {"fields": {"ranch": 54, "game_region": 11}, "model": "resv.gameregionranch", "pk": 69}, {"fields": {"comment": "", "city": "williams", "combo2": "5494", "allows_dogs": "0", "name": "Mosby Ranch", "lon": 0.0, "number": "100", "county": "Colusa County", "combo": "5494", "lat": 0.0, "archery_only": "0", "size": 9000, "open_for_resvs": "2000-01-01T00:00:00Z"}, "model": "resv.ranch", "pk": 1}, {"fields": {"comment": "", "city": "COALINGA", "combo2": "0311", "allows_dogs": "0", "name": "Los Gatos Creek Ranch", "lon": 0.0, "number": "103", "county": "FRESNO", "combo": "0311", "lat": 0.0, "archery_only": "0", "size": 5000, "open_for_resvs": "2000-01-01T00:00:00Z"}, "model": "resv.ranch", "pk": 2}, {"fields": {"comment": "", "city": "Coalinga", "combo2": "2003", "allows_dogs": "0", "name": "Twin Peaks Ranch  ", "lon": 0.0, "number": "104", "county": "Fresno ", "combo": "2003", "lat": 0.0, "archery_only": "0", "size": 5000, "open_for_resvs": "2000-01-01T00:00:00Z"}, "model": "resv.ranch", "pk": 3}, {"fields": {"comment": "", "city": "angels camp", "combo2": "4845", "allows_dogs": "0", "name": "Trion", "lon": 0.0, "number": "110", "county": "calaveras", "combo": "4845", "lat": 0.0, "archery_only": "0", "size": 1500, "open_for_resvs": "2000-01-01T00:00:00Z"}, "model": "resv.ranch", "pk": 4}, {"fields": {"comment": "", "city": "WILLIAMS", "combo2": "None", "allows_dogs": "0", "name": "Bransford", "lon": 0.0, "number": "114", "county": "COLUSA", "combo": "None", "lat": 0.0, "archery_only": "0", "size": 1350, "open_for_resvs": "2000-01-01T00:00:00Z"}, "model": "resv.ranch", "pk": 5}, {"fields": {"comment": "", "city": "Colusa", "combo2": "NONE", "allows_dogs": "0", "name": "Highway Club", "lon": 0.0, "number": "115", "county": "Colusa", "combo": "NONE", "lat": 0.0, "archery_only": "0", "size": 400, "open_for_resvs": "2000-01-01T00:00:00Z"}, "model": "resv.ranch", "pk": 6}, {"fields": {"comment": "", "city": "WILLIAMS", "combo2": "None", "allows_dogs": "0", "name": "White Goose", "lon": 0.0, "number": "116", "county": "COLUSA", "combo": "None", "lat": 0.0, "archery_only": "0", "size": 725, "open_for_resvs": "2000-01-01T00:00:00Z"}, "model": "resv.ranch", "pk": 7}, {"fields": {"comment": "", "city": "Tehachapi", "combo2": "1112", "allows_dogs": "0", "name": "Cummings Ranch ", "lon": 0.0, "number": "122", "county": "Kern", "combo": "1112", "lat": 0.0, "archery_only": "0", "size": 6000, "open_for_resvs": "2000-01-01T00:00:00Z"}, "model": "resv.ranch", "pk": 8}, {"fields": {"comment": "", "city": "San Andreas", "combo2": "1963 / 0711", "allows_dogs": "0", "name": "Mariner Ranch", "lon": 0.0, "number": "123", "county": "calaveras County", "combo": "1963 / 0711", "lat": 0.0, "archery_only": "0", "size": 1000, "open_for_resvs": "2000-01-01T00:00:00Z"}, "model": "resv.ranch", "pk": 9}, {"fields": {"comment": "", "city": "petrolia", "combo2": "2300", "allows_dogs": "0", "name": "Buckeye Ranch", "lon": 0.0, "number": "133", "county": "humboldt  county", "combo": "2300", "lat": 0.0, "archery_only": "0", "size": 2500, "open_for_resvs": "2000-01-01T00:00:00Z"}, "model": "resv.ranch", "pk": 10}, {"fields": {"comment": "", "city": "HOLISTER", "combo2": "5101", "allows_dogs": "0", "name": "Willow Creek Ranch", "lon": 0.0, "number": "134", "county": "SAN BENITO", "combo": "5101", "lat": 0.0, "archery_only": "0", "size": 5000, "open_for_resvs": "2000-01-01T00:00:00Z"}, "model": "resv.ranch", "pk": 11}, {"fields": {"comment": "", "city": "healdsburg", "combo2": "5650", "allows_dogs": "0", "name": "H.E. Ranch", "lon": 0.0, "number": "135", "county": "Sonoma ", "combo": "5650", "lat": 0.0, "archery_only": "0", "size": 3000, "open_for_resvs": "2000-01-01T00:00:00Z"}, "model": "resv.ranch", "pk": 12}, {"fields": {"comment": "", "city": "burney", "combo2": "no gate", "allows_dogs": "0", "name": "Bidwell", "lon": 0.0, "number": "13", "county": "shasta", "combo": "no gate", "lat": 0.0, "archery_only": "0", "size": 240, "open_for_resvs": "2000-01-01T00:00:00Z"}, "model": "resv.ranch", "pk": 13}, {"fields": {"comment": "", "city": "fall river  mills", "combo2": "3554", "allows_dogs": "0", "name": "St. John", "lon": 0.0, "number": "15", "county": "shasta", "combo": "3554", "lat": 0.0, "archery_only": "0", "size": 2000, "open_for_resvs": "2000-01-01T00:00:00Z"}, "model": "resv.ranch", "pk": 14}, {"fields": {"comment": "", "city": "WILLOWS", "combo2": "None", "allows_dogs": "0", "name": "C&S Club", "lon": 0.0, "number": "151", "county": "GLENN", "combo": "None", "lat": 0.0, "archery_only": "0", "size": 405, "open_for_resvs": "2000-01-01T00:00:00Z"}, "model": "resv.ranch", "pk": 15}, {"fields": {"comment": "", "city": "RIO VISTA", "combo2": "1919", "allows_dogs": "0", "name": "Correia", "lon": 0.0, "number": "152", "county": "SAN JOAQUIN", "combo": "1919", "lat": 0.0, "archery_only": "0", "size": 150, "open_for_resvs": "2000-01-01T00:00:00Z"}, "model": "resv.ranch", "pk": 16}, {"fields": {"comment": "", "city": "colusa", "combo2": "7443", "allows_dogs": "0", "name": "Keeley Club", "lon": 0.0, "number": "153", "county": "colusa", "combo": "7443", "lat": 0.0, "archery_only": "0", "size": 438, "open_for_resvs": "2000-01-01T00:00:00Z"}, "model": "resv.ranch", "pk": 17}, {"fields": {"comment": "", "city": "LOS ALAMOS", "combo2": "1829", "allows_dogs": "0", "name": "SCHELLER RANCH ", "lon": 0.0, "number": "162", "county": "SANTA BARBARA", "combo": "1829", "lat": 0.0, "archery_only": "0", "size": 2000, "open_for_resvs": "2000-01-01T00:00:00Z"}, "model": "resv.ranch", "pk": 18}, {"fields": {"comment": "", "city": "williams", "combo2": "none", "allows_dogs": "0", "name": "Lone Star Club", "lon": 0.0, "number": "168", "county": "colusa", "combo": "none", "lat": 0.0, "archery_only": "0", "size": 960, "open_for_resvs": "2000-01-01T00:00:00Z"}, "model": "resv.ranch", "pk": 19}, {"fields": {"comment": "", "city": "Fort Bragg", "combo2": "1268", "allows_dogs": "0", "name": "Camp 19", "lon": 0.0, "number": "171", "county": "Mendocino", "combo": "1268", "lat": 0.0, "archery_only": "0", "size": 900, "open_for_resvs": "2000-01-01T00:00:00Z"}, "model": "resv.ranch", "pk": 20}, {"fields": {"comment": "", "city": "Maxwell", "combo2": "None", "allows_dogs": "0", "name": "Story Club", "lon": 0.0, "number": "177", "county": "Glenn", "combo": "None", "lat": 0.0, "archery_only": "0", "size": 85, "open_for_resvs": "2000-01-01T00:00:00Z"}, "model": "resv.ranch", "pk": 21}, {"fields": {"comment": "", "city": "Kettleman City", "combo2": "4133", "allows_dogs": "0", "name": "Orchard Ranch  ", "lon": 0.0, "number": "179", "county": "Kings", "combo": "4133", "lat": 0.0, "archery_only": "0", "size": 6200, "open_for_resvs": "2000-01-01T00:00:00Z"}, "model": "resv.ranch", "pk": 22}, {"fields": {"comment": "", "city": "Niland", "combo2": "None", "allows_dogs": "0", "name": "Pipeline Goose Field", "lon": 0.0, "number": "181", "county": "Imperial", "combo": "None", "lat": 0.0, "archery_only": "0", "size": 114, "open_for_resvs": "2000-01-01T00:00:00Z"}, "model": "resv.ranch", "pk": 23}, {"fields": {"comment": "", "city": "Guinda", "combo2": "1919", "allows_dogs": "0", "name": "Stenzel Ranch ", "lon": 0.0, "number": "183", "county": "Yolo", "combo": "1919", "lat": 0.0, "archery_only": "0", "size": 800, "open_for_resvs": "2000-01-01T00:00:00Z"}, "model": "resv.ranch", "pk": 24}, {"fields": {"comment": "", "city": "El Centro", "combo2": "None", "allows_dogs": "0", "name": "Gentry", "lon": 0.0, "number": "189", "county": "Imperial", "combo": "None", "lat": 0.0, "archery_only": "0", "size": 40, "open_for_resvs": "2000-01-01T00:00:00Z"}, "model": "resv.ranch", "pk": 25}, {"fields": {"comment": "", "city": "Coalinga", "combo2": "4545", "allows_dogs": "0", "name": "Jacalitos Ranch ", "lon": 0.0, "number": "191", "county": "Fresno", "combo": "4545", "lat": 0.0, "archery_only": "0", "size": 9000, "open_for_resvs": "2000-01-01T00:00:00Z"}, "model": "resv.ranch", "pk": 26}, {"fields": {"comment": "", "city": "Tehachapi", "combo2": "2221", "allows_dogs": "0", "name": "Benz Ranch  ", "lon": 0.0, "number": "195", "county": "Kern", "combo": "2221", "lat": 0.0, "archery_only": "0", "size": 3000, "open_for_resvs": "2000-01-01T00:00:00Z"}, "model": "resv.ranch", "pk": 27}, {"fields": {"comment": "", "city": "Napa", "combo2": "4114", "allows_dogs": "0", "name": "Rancho Chimiles", "lon": 0.0, "number": "197", "county": "Napa", "combo": "4114", "lat": 0.0, "archery_only": "0", "size": 1100, "open_for_resvs": "2000-01-01T00:00:00Z"}, "model": "resv.ranch", "pk": 28}, {"fields": {"comment": "", "city": "williams", "combo2": "1997", "allows_dogs": "0", "name": "Butte Creek", "lon": 0.0, "number": "19", "county": "colusa", "combo": "1997", "lat": 0.0, "archery_only": "0", "size": 2200, "open_for_resvs": "2000-01-01T00:00:00Z"}, "model": "resv.ranch", "pk": 29}, {"fields": {"comment": "", "city": "covelo", "combo2": "4103", "allows_dogs": "0", "name": "Spy Rock Ranch ", "lon": 0.0, "number": "20", "county": "Mendocino", "combo": "4103", "lat": 0.0, "archery_only": "0", "size": 6000, "open_for_resvs": "2000-01-01T00:00:00Z"}, "model": "resv.ranch", "pk": 30}, {"fields": {"comment": "", "city": "Niland", "combo2": "None", "allows_dogs": "0", "name": "Cottonwood Club", "lon": 0.0, "number": "209", "county": "IMperial", "combo": "None", "lat": 0.0, "archery_only": "0", "size": 160, "open_for_resvs": "2000-01-01T00:00:00Z"}, "model": "resv.ranch", "pk": 31}, {"fields": {"comment": "", "city": "Niland", "combo2": "None", "allows_dogs": "0", "name": "NE Hazard Club", "lon": 0.0, "number": "210", "county": "IMperial", "combo": "None", "lat": 0.0, "archery_only": "0", "size": 200, "open_for_resvs": "2000-01-01T00:00:00Z"}, "model": "resv.ranch", "pk": 32}, {"fields": {"comment": "", "city": "Niland", "combo2": "None", "allows_dogs": "0", "name": "Alcott Duck Club", "lon": 0.0, "number": "211", "county": "IMperial", "combo": "None", "lat": 0.0, "archery_only": "0", "size": 100, "open_for_resvs": "2000-01-01T00:00:00Z"}, "model": "resv.ranch", "pk": 33}, {"fields": {"comment": "", "city": "laytonville", "combo2": "3720", "allows_dogs": "0", "name": "Clarke Ranch", "lon": 0.0, "number": "26", "county": "mendocino", "combo": "3720", "lat": 0.0, "archery_only": "0", "size": 5000, "open_for_resvs": "2000-01-01T00:00:00Z"}, "model": "resv.ranch", "pk": 34}, {"fields": {"comment": "", "city": "fort bragg", "combo2": "0330 (both gates)", "allows_dogs": "0", "name": "Rockport Ranch", "lon": 0.0, "number": "47", "county": "medocino", "combo": "0330 both gates", "lat": 0.0, "archery_only": "0", "size": 3200, "open_for_resvs": "2000-01-01T00:00:00Z"}, "model": "resv.ranch", "pk": 35}, {"fields": {"comment": "", "city": "Ukiah", "combo2": "5250    ", "allows_dogs": "0", "name": "Ridgewood Archery ", "lon": 0.0, "number": "63", "county": "Mendocino", "combo": "5250    ", "lat": 0.0, "archery_only": "0", "size": 2200, "open_for_resvs": "2000-01-01T00:00:00Z"}, "model": "resv.ranch", "pk": 36}, {"fields": {"comment": "", "city": "colusa", "combo2": "None", "allows_dogs": "0", "name": "Honker Club", "lon": 0.0, "number": "71", "county": "colusa", "combo": "None", "lat": 0.0, "archery_only": "0", "size": 260, "open_for_resvs": "2000-01-01T00:00:00Z"}, "model": "resv.ranch", "pk": 37}, {"fields": {"comment": "", "city": "livermore", "combo2": "4084  ", "allows_dogs": "0", "name": "Barsnick ", "lon": 0.0, "number": "74", "county": "santa clara", "combo": "4084  ", "lat": 0.0, "archery_only": "0", "size": 10, "open_for_resvs": "2000-01-01T00:00:00Z"}, "model": "resv.ranch", "pk": 38}, {"fields": {"comment": "", "city": "Maxwell", "combo2": "None", "allows_dogs": "0", "name": "Webfoot Goose Club", "lon": 0.0, "number": "78", "county": "Glenn / Colusa", "combo": "None", "lat": 0.0, "archery_only": "0", "size": 300, "open_for_resvs": "2000-01-01T00:00:00Z"}, "model": "resv.ranch", "pk": 39}, {"fields": {"comment": "", "city": "Fall River Mills", "combo2": "0258", "allows_dogs": "0", "name": "Lower Fall River", "lon": 0.0, "number": "90", "county": "Shasta", "combo": "0258", "lat": 0.0, "archery_only": "0", "size": 1, "open_for_resvs": "2000-01-01T00:00:00Z"}, "model": "resv.ranch", "pk": 40}, {"fields": {"comment": "", "city": "Niland", "combo2": "0011", "allows_dogs": "0", "name": "Hazard Club", "lon": 0.0, "number": "97", "county": "IMperial", "combo": "0011", "lat": 0.0, "archery_only": "0", "size": 200, "open_for_resvs": "2000-01-01T00:00:00Z"}, "model": "resv.ranch", "pk": 41}, {"fields": {"comment": "", "city": "Willows", "combo2": "0303", "allows_dogs": "0", "name": "Hill Ranch", "lon": 0.0, "number": "99", "county": "Glen County", "combo": "0303", "lat": 0.0, "archery_only": "0", "size": 5800, "open_for_resvs": "2000-01-01T00:00:00Z"}, "model": "resv.ranch", "pk": 42}, {"fields": {"comment": "", "city": "Tygh Valley", "combo2": "None", "allows_dogs": "0", "name": "Tygh Creek Ranch", "lon": 0.0, "number": "O-10", "county": "WASCO", "combo": "None", "lat": 0.0, "archery_only": "0", "size": 81, "open_for_resvs": "2000-01-01T00:00:00Z"}, "model": "resv.ranch", "pk": 43}, {"fields": {"comment": "", "city": "Portland", "combo2": "NONE", "allows_dogs": "0", "name": "Old Dairy", "lon": 0.0, "number": "O-26", "county": "Multnomah", "combo": "NONE", "lat": 0.0, "archery_only": "0", "size": 76, "open_for_resvs": "2000-01-01T00:00:00Z"}, "model": "resv.ranch", "pk": 44}, {"fields": {"comment": "", "city": "GRASS VALLEY", "combo2": "NONE", "allows_dogs": "0", "name": "97 FIELD ", "lon": 0.0, "number": "O-30", "county": "SHERMAN ", "combo": "NONE", "lat": 0.0, "archery_only": "0", "size": 640, "open_for_resvs": "2000-01-01T00:00:00Z"}, "model": "resv.ranch", "pk": 45}, {"fields": {"comment": "", "city": "Wamic ", "combo2": "None", "allows_dogs": "0", "name": "Wamic pond fishing", "lon": 0.0, "number": "O-34", "county": "Wasco", "combo": "None", "lat": 0.0, "archery_only": "0", "size": 300, "open_for_resvs": "2000-01-01T00:00:00Z"}, "model": "resv.ranch", "pk": 46}, {"fields": {"comment": "", "city": "Chiloquin", "combo2": "none", "allows_dogs": "0", "name": "Sportsmens River Retreat", "lon": 0.0, "number": "O-41", "county": "Klamath", "combo": "none", "lat": 0.0, "archery_only": "0", "size": 10, "open_for_resvs": "2000-01-01T00:00:00Z"}, "model": "resv.ranch", "pk": 47}, {"fields": {"comment": "", "city": "Broadbend, Myrtle point, coos", "combo2": "2451", "allows_dogs": "0", "name": "Long Prarie Ranch", "lon": 0.0, "number": "O-44", "county": "COOOS", "combo": "2451", "lat": 0.0, "archery_only": "0", "size": 7000, "open_for_resvs": "2000-01-01T00:00:00Z"}, "model": "resv.ranch", "pk": 48}, {"fields": {"comment": "", "city": "Fossill", "combo2": "0341", "allows_dogs": "0", "name": "Oxhead Ranch", "lon": 0.0, "number": "O-4", "county": "Wheeler County", "combo": "0341", "lat": 0.0, "archery_only": "0", "size": 7000, "open_for_resvs": "2000-01-01T00:00:00Z"}, "model": "resv.ranch", "pk": 49}, {"fields": {"comment": "", "city": "Mitchell", "combo2": "None", "allows_dogs": "0", "name": "Twickenham River Ranch", "lon": 0.0, "number": "O-50", "county": "Wheeler", "combo": "None", "lat": 0.0, "archery_only": "0", "size": 200, "open_for_resvs": "2000-01-01T00:00:00Z"}, "model": "resv.ranch", "pk": 50}, {"fields": {"comment": "", "city": "AUMSVILLE", "combo2": "1240", "allows_dogs": "0", "name": "Aumsville Wetlands", "lon": 0.0, "number": "O-52", "county": "MARION", "combo": "1240", "lat": 0.0, "archery_only": "0", "size": 100, "open_for_resvs": "2000-01-01T00:00:00Z"}, "model": "resv.ranch", "pk": 51}, {"fields": {"comment": "", "city": "Grass Valley", "combo2": "None", "allows_dogs": "0", "name": "Highway Lakes", "lon": 0.0, "number": "O-53", "county": "sherman", "combo": "None", "lat": 0.0, "archery_only": "0", "size": 80, "open_for_resvs": "2000-01-01T00:00:00Z"}, "model": "resv.ranch", "pk": 52}, {"fields": {"comment": "", "city": "GRASS VALLEY", "combo2": "2015", "allows_dogs": "0", "name": "Grass Valley Pond", "lon": 0.0, "number": "O-8", "county": "SHERMAN", "combo": "2015", "lat": 0.0, "archery_only": "0", "size": 320, "open_for_resvs": "2000-01-01T00:00:00Z"}, "model": "resv.ranch", "pk": 53}, {"fields": {"comment": "", "city": "Tygh Valley", "combo2": "1040", "allows_dogs": "0", "name": "White River Ranch", "lon": 0.0, "number": "O-9", "county": "WASCO", "combo": "1040", "lat": 0.0, "archery_only": "0", "size": 900, "open_for_resvs": "2000-01-01T00:00:00Z"}, "model": "resv.ranch", "pk": 54}, {"fields": {"capacity_perparty":0, "capacity_parties": 0, "name": " ", "capacity_persons": 0, "ranch": 1, "capacity_hunters": 10, "shoot_days": "1111111", "open_for_resvs": "2000-01-01T00:00:00Z"}, "model": "resv.blind", "pk": 1}, {"fields": {"capacity_perparty":0, "capacity_parties": 0, "name": " ", "capacity_persons": 0, "ranch": 2, "capacity_hunters": 5, "shoot_days": "1111111", "open_for_resvs": "2000-01-01T00:00:00Z"}, "model": "resv.blind", "pk": 2}, {"fields": {"capacity_perparty":0, "capacity_parties": 0, "name": " ", "capacity_persons": 0, "ranch": 3, "capacity_hunters": 6, "shoot_days": "1111111", "open_for_resvs": "2000-01-01T00:00:00Z"}, "model": "resv.blind", "pk": 3}, {"fields": {"capacity_perparty":0, "capacity_parties": 2, "name": "Camp 1", "capacity_persons": 0, "ranch": 4, "capacity_hunters": 0, "shoot_days": "1111111", "open_for_resvs": "2000-01-01T00:00:00Z"}, "model": "resv.blind", "pk": 4}, {"fields": {"capacity_perparty":0, "capacity_parties": 2, "name": "Camp 2", "capacity_persons": 0, "ranch": 4, "capacity_hunters": 0, "shoot_days": "1111111", "open_for_resvs": "2000-01-01T00:00:00Z"}, "model": "resv.blind", "pk": 5}, {"fields": {"capacity_perparty":0, "capacity_parties": 1, "name": "Camp 3", "capacity_persons": 0, "ranch": 4, "capacity_hunters": 0, "shoot_days": "1111111", "open_for_resvs": "2000-01-01T00:00:00Z"}, "model": "resv.blind", "pk": 6}, {"fields": {"capacity_perparty":0, "capacity_parties": 1, "name": "B6", "capacity_persons": 0, "ranch": 5, "capacity_hunters": 0, "shoot_days": "1111111", "open_for_resvs": "2000-01-01T00:00:00Z"}, "model": "resv.blind", "pk": 7}, {"fields": {"capacity_perparty":0, "capacity_parties": 1, "name": "B7", "capacity_persons": 0, "ranch": 5, "capacity_hunters": 0, "shoot_days": "1111111", "open_for_resvs": "2000-01-01T00:00:00Z"}, "model": "resv.blind", "pk": 8}, {"fields": {"capacity_perparty":0, "capacity_parties": 0, "name": "B8", "capacity_persons": 3, "ranch": 5, "capacity_hunters": 0, "shoot_days": "1111111", "open_for_resvs": "2000-01-01T00:00:00Z"}, "model": "resv.blind", "pk": 9}, {"fields": {"capacity_perparty":0, "capacity_parties": 0, "name": "Free roam", "capacity_persons": 0, "ranch": 5, "capacity_hunters": 8, "shoot_days": "1111111", "open_for_resvs": "2000-01-01T00:00:00Z"}, "model": "resv.blind", "pk": 10}, {"fields": {"capacity_perparty":0, "capacity_parties": 0, "name": "Free roam", "capacity_persons": 0, "ranch": 6, "capacity_hunters": 3, "shoot_days": "1111111", "open_for_resvs": "2000-01-01T00:00:00Z"}, "model": "resv.blind", "pk": 11}, {"fields": {"capacity_perparty":0, "capacity_parties": 0, "name": "B1", "capacity_persons": 3, "ranch": 7, "capacity_hunters": 0, "shoot_days": "1111111", "open_for_resvs": "2000-01-01T00:00:00Z"}, "model": "resv.blind", "pk": 12}, {"fields": {"capacity_perparty":0, "capacity_parties": 1, "name": "B2", "capacity_persons": 0, "ranch": 7, "capacity_hunters": 0, "shoot_days": "1111111", "open_for_resvs": "2000-01-01T00:00:00Z"}, "model": "resv.blind", "pk": 13}, {"fields": {"capacity_perparty":0, "capacity_parties": 0, "name": "Free roam", "capacity_persons": 0, "ranch": 7, "capacity_hunters": 2, "shoot_days": "1111111", "open_for_resvs": "2000-01-01T00:00:00Z"}, "model": "resv.blind", "pk": 14}, {"fields": {"capacity_perparty":0, "capacity_parties": 0, "name": "Free roam", "capacity_persons": 12, "ranch": 8, "capacity_hunters": 0, "shoot_days": "1111111", "open_for_resvs": "2000-01-01T00:00:00Z"}, "model": "resv.blind", "pk": 15}, {"fields": {"capacity_perparty":0, "capacity_parties": 0, "name": "Archery", "capacity_persons": 0, "ranch": 9, "capacity_hunters": 3, "shoot_days": "1111111", "open_for_resvs": "2000-01-01T00:00:00Z"}, "model": "resv.blind", "pk": 16}, {"fields": {"capacity_perparty":0, "capacity_parties": 1, "name": "Fishing", "capacity_persons": 0, "ranch": 9, "capacity_hunters": 0, "shoot_days": "1111111", "open_for_resvs": "2000-01-01T00:00:00Z"}, "model": "resv.blind", "pk": 17}, {"fields": {"capacity_perparty":0, "capacity_parties": 0, "name": "Free roam", "capacity_persons": 0, "ranch": 10, "capacity_hunters": 5, "shoot_days": "1111111", "open_for_resvs": "2000-01-01T00:00:00Z"}, "model": "resv.blind", "pk": 18}, {"fields": {"capacity_perparty":0, "capacity_parties": 0, "name": "Free roam", "capacity_persons": 0, "ranch": 11, "capacity_hunters": 5, "shoot_days": "0001111", "open_for_resvs": "2000-01-01T00:00:00Z"}, "model": "resv.blind", "pk": 19}, {"fields": {"capacity_perparty":0, "capacity_parties": 0, "name": "Free roam", "capacity_persons": 0, "ranch": 12, "capacity_hunters": 6, "shoot_days": "1111111", "open_for_resvs": "2000-01-01T00:00:00Z"}, "model": "resv.blind", "pk": 20}, {"fields": {"capacity_perparty":0, "capacity_parties": 1, "name": "Bunkhouse", "capacity_persons": 4, "ranch": 13, "capacity_hunters": 0, "shoot_days": "1111111", "open_for_resvs": "2000-01-01T00:00:00Z"}, "model": "resv.blind", "pk": 21}, {"fields": {"capacity_perparty":0, "capacity_parties": 0, "name": "Fishing", "capacity_persons": 12, "ranch": 13, "capacity_hunters": 0, "shoot_days": "1111111", "open_for_resvs": "2000-01-01T00:00:00Z"}, "model": "resv.blind", "pk": 22}, {"fields": {"capacity_perparty":0, "capacity_parties": 0, "name": "Camp 1", "capacity_persons": 4, "ranch": 13, "capacity_hunters": 0, "shoot_days": "1111111", "open_for_resvs": "2000-01-01T00:00:00Z"}, "model": "resv.blind", "pk": 23}, {"fields": {"capacity_perparty":0, "capacity_parties": 0, "name": "Camp 2", "capacity_persons": 2, "ranch": 13, "capacity_hunters": 0, "shoot_days": "1111111", "open_for_resvs": "2000-01-01T00:00:00Z"}, "model": "resv.blind", "pk": 24}, {"fields": {"capacity_perparty":0, "capacity_parties": 0, "name": "Camp 3", "capacity_persons": 3, "ranch": 13, "capacity_hunters": 0, "shoot_days": "1111111", "open_for_resvs": "2000-01-01T00:00:00Z"}, "model": "resv.blind", "pk": 25}, {"fields": {"capacity_perparty":0, "capacity_parties": 0, "name": "Free roam", "capacity_persons": 4, "ranch": 14, "capacity_hunters": 0, "shoot_days": "1111111", "open_for_resvs": "2000-01-01T00:00:00Z"}, "model": "resv.blind", "pk": 26}, {"fields": {"capacity_perparty":0, "capacity_parties": 0, "name": "B1", "capacity_persons": 3, "ranch": 15, "capacity_hunters": 0, "shoot_days": "1111111", "open_for_resvs": "2000-01-01T00:00:00Z"}, "model": "resv.blind", "pk": 27}, {"fields": {"capacity_perparty":0, "capacity_parties": 0, "name": "B2", "capacity_persons": 4, "ranch": 15, "capacity_hunters": 0, "shoot_days": "1111111", "open_for_resvs": "2000-01-01T00:00:00Z"}, "model": "resv.blind", "pk": 28}, {"fields": {"capacity_perparty":0, "capacity_parties": 0, "name": "B3", "capacity_persons": 0, "ranch": 15, "capacity_hunters": 0, "shoot_days": "1111111", "open_for_resvs": "2000-01-01T00:00:00Z"}, "model": "resv.blind", "pk": 29}, {"fields": {"capacity_perparty":0, "capacity_parties": 0, "name": "B4", "capacity_persons": 4, "ranch": 15, "capacity_hunters": 0, "shoot_days": "1111111", "open_for_resvs": "2000-01-01T00:00:00Z"}, "model": "resv.blind", "pk": 30}, {"fields": {"capacity_perparty":0, "capacity_parties": 0, "name": "B5", "capacity_persons": 3, "ranch": 15, "capacity_hunters": 0, "shoot_days": "1111111", "open_for_resvs": "2000-01-01T00:00:00Z"}, "model": "resv.blind", "pk": 31}, {"fields": {"capacity_perparty":0, "capacity_parties": 0, "name": "B1", "capacity_persons": 4, "ranch": 16, "capacity_hunters": 0, "shoot_days": "1111111", "open_for_resvs": "2000-01-01T00:00:00Z"}, "model": "resv.blind", "pk": 32}, {"fields": {"capacity_perparty":0, "capacity_parties": 0, "name": "B2", "capacity_persons": 3, "ranch": 16, "capacity_hunters": 0, "shoot_days": "1111111", "open_for_resvs": "2000-01-01T00:00:00Z"}, "model": "resv.blind", "pk": 33}, {"fields": {"capacity_perparty":0, "capacity_parties": 0, "name": "B1", "capacity_persons": 3, "ranch": 17, "capacity_hunters": 0, "shoot_days": "0010011", "open_for_resvs": "2000-01-01T00:00:00Z"}, "model": "resv.blind", "pk": 34}, {"fields": {"capacity_perparty":0, "capacity_parties": 0, "name": "B2", "capacity_persons": 4, "ranch": 17, "capacity_hunters": 0, "shoot_days": "0010011", "open_for_resvs": "2014-09-20T15:40:00Z"}, "model": "resv.blind", "pk": 35}, {"fields": {"capacity_perparty":0, "capacity_parties": 0, "name": "B3", "capacity_persons": 3, "ranch": 17, "capacity_hunters": 0, "shoot_days": "0010011", "open_for_resvs": "2014-09-20T06:08:00Z"}, "model": "resv.blind", "pk": 36}, {"fields": {"capacity_perparty":0, "capacity_parties": 0, "name": "B4", "capacity_persons": 3, "ranch": 17, "capacity_hunters": 0, "shoot_days": "0010011", "open_for_resvs": "2000-01-01T00:00:00Z"}, "model": "resv.blind", "pk": 37}, {"fields": {"capacity_perparty":0, "capacity_parties": 0, "name": "B5", "capacity_persons": 3, "ranch": 17, "capacity_hunters": 0, "shoot_days": "0010011", "open_for_resvs": "2000-01-01T00:00:00Z"}, "model": "resv.blind", "pk": 38}, {"fields": {"capacity_perparty":0, "capacity_parties": 0, "name": "B6", "capacity_persons": 4, "ranch": 17, "capacity_hunters": 0, "shoot_days": "0010011", "open_for_resvs": "2000-01-01T00:00:00Z"}, "model": "resv.blind", "pk": 39}, {"fields": {"capacity_perparty":0, "capacity_parties": 0, "name": "B7", "capacity_persons": 3, "ranch": 17, "capacity_hunters": 0, "shoot_days": "0010011", "open_for_resvs": "2000-01-01T00:00:00Z"}, "model": "resv.blind", "pk": 40}, {"fields": {"capacity_perparty":0, "capacity_parties": 0, "name": "B8", "capacity_persons": 3, "ranch": 17, "capacity_hunters": 0, "shoot_days": "0010011", "open_for_resvs": "2000-01-01T00:00:00Z"}, "model": "resv.blind", "pk": 41}, {"fields": {"capacity_perparty":0, "capacity_parties": 0, "name": "B9", "capacity_persons": 3, "ranch": 17, "capacity_hunters": 0, "shoot_days": "0010011", "open_for_resvs": "2000-01-01T00:00:00Z"}, "model": "resv.blind", "pk": 42}, {"fields": {"capacity_perparty":0, "capacity_parties": 0, "name": "Free roam", "capacity_persons": 0, "ranch": 18, "capacity_hunters": 4, "shoot_days": "1100011", "open_for_resvs": "2000-01-01T00:00:00Z"}, "model": "resv.blind", "pk": 43}, {"fields": {"capacity_perparty":0, "capacity_parties": 0, "name": "B1", "capacity_persons": 0, "ranch": 19, "capacity_hunters": 0, "shoot_days": "1111111", "open_for_resvs": "2000-01-01T00:00:00Z"}, "model": "resv.blind", "pk": 44}, {"fields": {"capacity_perparty":0, "capacity_parties": 0, "name": "B2", "capacity_persons": 3, "ranch": 19, "capacity_hunters": 0, "shoot_days": "0010011", "open_for_resvs": "2000-01-01T00:00:00Z"}, "model": "resv.blind", "pk": 45}, {"fields": {"capacity_perparty":0, "capacity_parties": 0, "name": "B3", "capacity_persons": 3, "ranch": 19, "capacity_hunters": 0, "shoot_days": "0010011", "open_for_resvs": "2000-01-01T00:00:00Z"}, "model": "resv.blind", "pk": 46}, {"fields": {"capacity_perparty":0, "capacity_parties": 0, "name": "B4", "capacity_persons": 3, "ranch": 19, "capacity_hunters": 0, "shoot_days": "0010011", "open_for_resvs": "2000-01-01T00:00:00Z"}, "model": "resv.blind", "pk": 47}, {"fields": {"capacity_perparty":0, "capacity_parties": 0, "name": "B5", "capacity_persons": 0, "ranch": 19, "capacity_hunters": 0, "shoot_days": "0010011", "open_for_resvs": "2000-01-01T00:00:00Z"}, "model": "resv.blind", "pk": 48}, {"fields": {"capacity_perparty":0, "capacity_parties": 0, "name": "B6", "capacity_persons": 2, "ranch": 19, "capacity_hunters": 0, "shoot_days": "1111111", "open_for_resvs": "2000-01-01T00:00:00Z"}, "model": "resv.blind", "pk": 49}, {"fields": {"capacity_perparty":0, "capacity_parties": 0, "name": "BA", "capacity_persons": 3, "ranch": 19, "capacity_hunters": 0, "shoot_days": "1111111", "open_for_resvs": "2000-01-01T00:00:00Z"}, "model": "resv.blind", "pk": 50}, {"fields": {"capacity_perparty":0, "capacity_parties": 0, "name": "BB", "capacity_persons": 0, "ranch": 19, "capacity_hunters": 0, "shoot_days": "1111111", "open_for_resvs": "2000-01-01T00:00:00Z"}, "model": "resv.blind", "pk": 51}, {"fields": {"capacity_perparty":0, "capacity_parties": 1, "name": "B10", "capacity_persons": 0, "ranch": 20, "capacity_hunters": 0, "shoot_days": "1111111", "open_for_resvs": "2000-01-01T00:00:00Z"}, "model": "resv.blind", "pk": 52}, {"fields": {"capacity_perparty":0, "capacity_parties": 1, "name": "B11", "capacity_persons": 0, "ranch": 20, "capacity_hunters": 0, "shoot_days": "1111111", "open_for_resvs": "2000-01-01T00:00:00Z"}, "model": "resv.blind", "pk": 53}, {"fields": {"capacity_perparty":0, "capacity_parties": 3, "name": "Camp 1", "capacity_persons": 0, "ranch": 20, "capacity_hunters": 0, "shoot_days": "1111111", "open_for_resvs": "2000-01-01T00:00:00Z"}, "model": "resv.blind", "pk": 54}, {"fields": {"capacity_perparty":0, "capacity_parties": 2, "name": "Camp 2", "capacity_persons": 0, "ranch": 20, "capacity_hunters": 0, "shoot_days": "1111111", "open_for_resvs": "2000-01-01T00:00:00Z"}, "model": "resv.blind", "pk": 55}, {"fields": {"capacity_perparty":0, "capacity_parties": 0, "name": "B1", "capacity_persons": 4, "ranch": 21, "capacity_hunters": 0, "shoot_days": "1111111", "open_for_resvs": "2000-01-01T00:00:00Z"}, "model": "resv.blind", "pk": 56}, {"fields": {"capacity_perparty":0, "capacity_parties": 0, "name": "B2", "capacity_persons": 2, "ranch": 21, "capacity_hunters": 0, "shoot_days": "1111111", "open_for_resvs": "2000-01-01T00:00:00Z"}, "model": "resv.blind", "pk": 57}, {"fields": {"capacity_perparty":0, "capacity_parties": 0, "name": "Free roam", "capacity_persons": 0, "ranch": 22, "capacity_hunters": 3, "shoot_days": "0000111", "open_for_resvs": "2000-01-01T00:00:00Z"}, "model": "resv.blind", "pk": 58}, {"fields": {"capacity_perparty":0, "capacity_parties": 0, "name": "E", "capacity_persons": 6, "ranch": 23, "capacity_hunters": 0, "shoot_days": "1101110", "open_for_resvs": "2000-01-01T00:00:00Z"}, "model": "resv.blind", "pk": 59}, {"fields": {"capacity_perparty":0, "capacity_parties": 0, "name": "W", "capacity_persons": 6, "ranch": 23, "capacity_hunters": 0, "shoot_days": "1101110", "open_for_resvs": "2000-01-01T00:00:00Z"}, "model": "resv.blind", "pk": 60}, {"fields": {"capacity_perparty":0, "capacity_parties": 0, "name": "Free roam", "capacity_persons": 0, "ranch": 24, "capacity_hunters": 3, "shoot_days": "0000111", "open_for_resvs": "2000-01-01T00:00:00Z"}, "model": "resv.blind", "pk": 61}, {"fields": {"capacity_perparty":0, "capacity_parties": 3, "name": "Field A", "capacity_persons": 0, "ranch": 25, "capacity_hunters": 6, "shoot_days": "0011011", "open_for_resvs": "2000-01-01T00:00:00Z"}, "model": "resv.blind", "pk": 62}, {"fields": {"capacity_perparty":0, "capacity_parties": 3, "name": "Field B", "capacity_persons": 0, "ranch": 25, "capacity_hunters": 6, "shoot_days": "0011011", "open_for_resvs": "2000-01-01T00:00:00Z"}, "model": "resv.blind", "pk": 63}, {"fields": {"capacity_perparty":0, "capacity_parties": 0, "name": "Free roam", "capacity_persons": 0, "ranch": 26, "capacity_hunters": 8, "shoot_days": "1000111", "open_for_resvs": "2000-01-01T00:00:00Z"}, "model": "resv.blind", "pk": 64}, {"fields": {"capacity_perparty":0, "capacity_parties": 0, "name": "Free roam", "capacity_persons": 0, "ranch": 27, "capacity_hunters": 10, "shoot_days": "1111111", "open_for_resvs": "2000-01-01T00:00:00Z"}, "model": "resv.blind", "pk": 65}, {"fields": {"capacity_perparty":0, "capacity_parties": 2, "name": "Free roam", "capacity_persons": 4, "ranch": 28, "capacity_hunters": 0, "shoot_days": "0101010", "open_for_resvs": "2000-01-01T00:00:00Z"}, "model": "resv.blind", "pk": 66}, {"fields": {"capacity_perparty":0, "capacity_parties": 0, "name": "B1", "capacity_persons": 2, "ranch": 29, "capacity_hunters": 0, "shoot_days": "1111111", "open_for_resvs": "2000-01-01T00:00:00Z"}, "model": "resv.blind", "pk": 67}, {"fields": {"capacity_perparty":0, "capacity_parties": 0, "name": "B10", "capacity_persons": 4, "ranch": 29, "capacity_hunters": 0, "shoot_days": "1111111", "open_for_resvs": "2000-01-01T00:00:00Z"}, "model": "resv.blind", "pk": 68}, {"fields": {"capacity_perparty":0, "capacity_parties": 0, "name": "B11", "capacity_persons": 4, "ranch": 29, "capacity_hunters": 0, "shoot_days": "1111111", "open_for_resvs": "2000-01-01T00:00:00Z"}, "model": "resv.blind", "pk": 69}, {"fields": {"capacity_perparty":0, "capacity_parties": 0, "name": "B2", "capacity_persons": 4, "ranch": 29, "capacity_hunters": 0, "shoot_days": "1111111", "open_for_resvs": "2000-01-01T00:00:00Z"}, "model": "resv.blind", "pk": 70}, {"fields": {"capacity_perparty":0, "capacity_parties": 0, "name": "B4", "capacity_persons": 3, "ranch": 29, "capacity_hunters": 0, "shoot_days": "1111111", "open_for_resvs": "2000-01-01T00:00:00Z"}, "model": "resv.blind", "pk": 71}, {"fields": {"capacity_perparty":0, "capacity_parties": 0, "name": "B5", "capacity_persons": 3, "ranch": 29, "capacity_hunters": 0, "shoot_days": "1111111", "open_for_resvs": "2000-01-01T00:00:00Z"}, "model": "resv.blind", "pk": 72}, {"fields": {"capacity_perparty":0, "capacity_parties": 0, "name": "B6", "capacity_persons": 3, "ranch": 29, "capacity_hunters": 0, "shoot_days": "1111111", "open_for_resvs": "2000-01-01T00:00:00Z"}, "model": "resv.blind", "pk": 73}, {"fields": {"capacity_perparty":0, "capacity_parties": 0, "name": "B7", "capacity_persons": 3, "ranch": 29, "capacity_hunters": 0, "shoot_days": "1111111", "open_for_resvs": "2000-01-01T00:00:00Z"}, "model": "resv.blind", "pk": 74}, {"fields": {"capacity_perparty":0, "capacity_parties": 0, "name": "B8", "capacity_persons": 4, "ranch": 29, "capacity_hunters": 0, "shoot_days": "1111111", "open_for_resvs": "2000-01-01T00:00:00Z"}, "model": "resv.blind", "pk": 75}, {"fields": {"capacity_perparty":0, "capacity_parties": 0, "name": "B9", "capacity_persons": 4, "ranch": 29, "capacity_hunters": 0, "shoot_days": "1111111", "open_for_resvs": "2000-01-01T00:00:00Z"}, "model": "resv.blind", "pk": 76}, {"fields": {"capacity_perparty":0, "capacity_parties": 0, "name": "BA", "capacity_persons": 3, "ranch": 29, "capacity_hunters": 0, "shoot_days": "1111111", "open_for_resvs": "2000-01-01T00:00:00Z"}, "model": "resv.blind", "pk": 77}, {"fields": {"capacity_perparty":0, "capacity_parties": 0, "name": "Free roam", "capacity_persons": 10, "ranch": 29, "capacity_hunters": 0, "shoot_days": "1111111", "open_for_resvs": "2000-01-01T00:00:00Z"}, "model": "resv.blind", "pk": 78}, {"fields": {"capacity_perparty":0, "capacity_parties": 0, "name": "Free roam", "capacity_persons": 0, "ranch": 30, "capacity_hunters": 10, "shoot_days": "1111111", "open_for_resvs": "2000-01-01T00:00:00Z"}, "model": "resv.blind", "pk": 79}, {"fields": {"capacity_perparty":0, "capacity_parties": 0, "name": "B1", "capacity_persons": 2, "ranch": 31, "capacity_hunters": 0, "shoot_days": "0010011", "open_for_resvs": "2000-01-01T00:00:00Z"}, "model": "resv.blind", "pk": 80}, {"fields": {"capacity_perparty":0, "capacity_parties": 0, "name": "B1", "capacity_persons": 1, "ranch": 31, "capacity_hunters": 0, "shoot_days": "0010011", "open_for_resvs": "2000-01-01T00:00:00Z"}, "model": "resv.blind", "pk": 81}, {"fields": {"capacity_perparty":0, "capacity_parties": 0, "name": "B1", "capacity_persons": 2, "ranch": 31, "capacity_hunters": 0, "shoot_days": "0010011", "open_for_resvs": "2000-01-01T00:00:00Z"}, "model": "resv.blind", "pk": 82}, {"fields": {"capacity_perparty":0, "capacity_parties": 0, "name": "B1", "capacity_persons": 2, "ranch": 31, "capacity_hunters": 0, "shoot_days": "0010011", "open_for_resvs": "2000-01-01T00:00:00Z"}, "model": "resv.blind", "pk": 83}, {"fields": {"capacity_perparty":0, "capacity_parties": 0, "name": "B1", "capacity_persons": 2, "ranch": 31, "capacity_hunters": 0, "shoot_days": "0010011", "open_for_resvs": "2000-01-01T00:00:00Z"}, "model": "resv.blind", "pk": 84}, {"fields": {"capacity_perparty":0, "capacity_parties": 0, "name": "B1", "capacity_persons": 2, "ranch": 31, "capacity_hunters": 0, "shoot_days": "0010011", "open_for_resvs": "2000-01-01T00:00:00Z"}, "model": "resv.blind", "pk": 85}, {"fields": {"capacity_perparty":0, "capacity_parties": 0, "name": "B1", "capacity_persons": 2, "ranch": 31, "capacity_hunters": 0, "shoot_days": "0010011", "open_for_resvs": "2000-01-01T00:00:00Z"}, "model": "resv.blind", "pk": 86}, {"fields": {"capacity_perparty":0, "capacity_parties": 0, "name": "Noth", "capacity_persons": 5, "ranch": 31, "capacity_hunters": 0, "shoot_days": "1001001", "open_for_resvs": "2000-01-01T00:00:00Z"}, "model": "resv.blind", "pk": 87}, {"fields": {"capacity_perparty":0, "capacity_parties": 0, "name": "South", "capacity_persons": 6, "ranch": 31, "capacity_hunters": 0, "shoot_days": "1001001", "open_for_resvs": "2000-01-01T00:00:00Z"}, "model": "resv.blind", "pk": 88}, {"fields": {"capacity_perparty":0, "capacity_parties": 0, "name": "B1", "capacity_persons": 2, "ranch": 32, "capacity_hunters": 0, "shoot_days": "0010011", "open_for_resvs": "2000-01-01T00:00:00Z"}, "model": "resv.blind", "pk": 89}, {"fields": {"capacity_perparty":0, "capacity_parties": 0, "name": "B2", "capacity_persons": 2, "ranch": 32, "capacity_hunters": 0, "shoot_days": "0010011", "open_for_resvs": "2000-01-01T00:00:00Z"}, "model": "resv.blind", "pk": 90}, {"fields": {"capacity_perparty":0, "capacity_parties": 0, "name": "B3", "capacity_persons": 2, "ranch": 32, "capacity_hunters": 0, "shoot_days": "0010011", "open_for_resvs": "2000-01-01T00:00:00Z"}, "model": "resv.blind", "pk": 91}, {"fields": {"capacity_perparty":0, "capacity_parties": 0, "name": "B4", "capacity_persons": 2, "ranch": 32, "capacity_hunters": 0, "shoot_days": "0010011", "open_for_resvs": "2000-01-01T00:00:00Z"}, "model": "resv.blind", "pk": 92}, {"fields": {"capacity_perparty":0, "capacity_parties": 0, "name": "B5", "capacity_persons": 3, "ranch": 32, "capacity_hunters": 0, "shoot_days": "0010011", "open_for_resvs": "2000-01-01T00:00:00Z"}, "model": "resv.blind", "pk": 93}, {"fields": {"capacity_perparty":0, "capacity_parties": 0, "name": "B6", "capacity_persons": 2, "ranch": 32, "capacity_hunters": 0, "shoot_days": "0010011", "open_for_resvs": "2000-01-01T00:00:00Z"}, "model": "resv.blind", "pk": 94}, {"fields": {"capacity_perparty":0, "capacity_parties": 0, "name": "B7", "capacity_persons": 2, "ranch": 32, "capacity_hunters": 0, "shoot_days": "0010011", "open_for_resvs": "2000-01-01T00:00:00Z"}, "model": "resv.blind", "pk": 95}, {"fields": {"capacity_perparty":0, "capacity_parties": 0, "name": "BA", "capacity_persons": 4, "ranch": 32, "capacity_hunters": 0, "shoot_days": "1101001", "open_for_resvs": "2000-01-01T00:00:00Z"}, "model": "resv.blind", "pk": 96}, {"fields": {"capacity_perparty":0, "capacity_parties": 0, "name": "BB", "capacity_persons": 3, "ranch": 32, "capacity_hunters": 0, "shoot_days": "1101001", "open_for_resvs": "2000-01-01T00:00:00Z"}, "model": "resv.blind", "pk": 97}, {"fields": {"capacity_perparty":0, "capacity_parties": 0, "name": "B1", "capacity_persons": 3, "ranch": 33, "capacity_hunters": 0, "shoot_days": "0110011", "open_for_resvs": "2000-01-01T00:00:00Z"}, "model": "resv.blind", "pk": 98}, {"fields": {"capacity_perparty":0, "capacity_parties": 0, "name": "B2", "capacity_persons": 3, "ranch": 33, "capacity_hunters": 0, "shoot_days": "0110011", "open_for_resvs": "2000-01-01T00:00:00Z"}, "model": "resv.blind", "pk": 99}, {"fields": {"capacity_perparty":0, "capacity_parties": 0, "name": "B3", "capacity_persons": 3, "ranch": 33, "capacity_hunters": 0, "shoot_days": "0110011", "open_for_resvs": "2000-01-01T00:00:00Z"}, "model": "resv.blind", "pk": 100}, {"fields": {"capacity_perparty":0, "capacity_parties": 0, "name": "B4", "capacity_persons": 2, "ranch": 33, "capacity_hunters": 0, "shoot_days": "0110011", "open_for_resvs": "2000-01-01T00:00:00Z"}, "model": "resv.blind", "pk": 101}, {"fields": {"capacity_perparty":0, "capacity_parties": 0, "name": "B5", "capacity_persons": 3, "ranch": 33, "capacity_hunters": 0, "shoot_days": "0110011", "open_for_resvs": "2000-01-01T00:00:00Z"}, "model": "resv.blind", "pk": 102}, {"fields": {"capacity_perparty":0, "capacity_parties": 0, "name": "B6", "capacity_persons": 3, "ranch": 33, "capacity_hunters": 0, "shoot_days": "0110011", "open_for_resvs": "2000-01-01T00:00:00Z"}, "model": "resv.blind", "pk": 103}, {"fields": {"capacity_perparty":0, "capacity_parties": 0, "name": "Free roam", "capacity_persons": 10, "ranch": 34, "capacity_hunters": 0, "shoot_days": "1111111", "open_for_resvs": "2000-01-01T00:00:00Z"}, "model": "resv.blind", "pk": 104}, {"fields": {"capacity_perparty":0, "capacity_parties": 1, "name": "Lodge", "capacity_persons": 0, "ranch": 34, "capacity_hunters": 0, "shoot_days": "1111111", "open_for_resvs": "2000-01-01T00:00:00Z"}, "model": "resv.blind", "pk": 105}, {"fields": {"capacity_perparty":0, "capacity_parties": 2, "name": "Free roam", "capacity_persons": 0, "ranch": 35, "capacity_hunters": 0, "shoot_days": "1111111", "open_for_resvs": "2000-01-01T00:00:00Z"}, "model": "resv.blind", "pk": 106}, {"fields": {"capacity_perparty":0, "capacity_parties": 0, "name": "Free roam", "capacity_persons": 0, "ranch": 36, "capacity_hunters": 6, "shoot_days": "1111111", "open_for_resvs": "2000-01-01T00:00:00Z"}, "model": "resv.blind", "pk": 107}, {"fields": {"capacity_perparty":0, "capacity_parties": 0, "name": "B1", "capacity_persons": 4, "ranch": 37, "capacity_hunters": 0, "shoot_days": "1111111", "open_for_resvs": "2000-01-01T00:00:00Z"}, "model": "resv.blind", "pk": 108}, {"fields": {"capacity_perparty":0, "capacity_parties": 0, "name": "B2", "capacity_persons": 4, "ranch": 37, "capacity_hunters": 0, "shoot_days": "1111111", "open_for_resvs": "2000-01-01T00:00:00Z"}, "model": "resv.blind", "pk": 109}, {"fields": {"capacity_perparty":0, "capacity_parties": 0, "name": "B3", "capacity_persons": 1, "ranch": 37, "capacity_hunters": 0, "shoot_days": "1111111", "open_for_resvs": "2000-01-01T00:00:00Z"}, "model": "resv.blind", "pk": 110}, {"fields": {"capacity_perparty":0, "capacity_parties": 0, "name": "B4", "capacity_persons": 4, "ranch": 37, "capacity_hunters": 0, "shoot_days": "1111111", "open_for_resvs": "2000-01-01T00:00:00Z"}, "model": "resv.blind", "pk": 111}, {"fields": {"capacity_perparty":0, "capacity_parties": 0, "name": "B5", "capacity_persons": 2, "ranch": 37, "capacity_hunters": 0, "shoot_days": "1111111", "open_for_resvs": "2000-01-01T00:00:00Z"}, "model": "resv.blind", "pk": 112}, {"fields": {"capacity_perparty":0, "capacity_parties": 0, "name": "B6", "capacity_persons": 4, "ranch": 37, "capacity_hunters": 0, "shoot_days": "1111111", "open_for_resvs": "2000-01-01T00:00:00Z"}, "model": "resv.blind", "pk": 113}, {"fields": {"capacity_perparty":0, "capacity_parties": 1, "name": "Free roam", "capacity_persons": 0, "ranch": 38, "capacity_hunters": 0, "shoot_days": "1111111", "open_for_resvs": "2000-01-01T00:00:00Z"}, "model": "resv.blind", "pk": 114}, {"fields": {"capacity_perparty":0, "capacity_parties": 0, "name": "B1", "capacity_persons": 5, "ranch": 39, "capacity_hunters": 0, "shoot_days": "1111111", "open_for_resvs": "2000-01-01T00:00:00Z"}, "model": "resv.blind", "pk": 115}, {"fields": {"capacity_perparty":0, "capacity_parties": 0, "name": "B2", "capacity_persons": 4, "ranch": 39, "capacity_hunters": 0, "shoot_days": "1111111", "open_for_resvs": "2000-01-01T00:00:00Z"}, "model": "resv.blind", "pk": 116}, {"fields": {"capacity_perparty":0, "capacity_parties": 0, "name": "B3", "capacity_persons": 6, "ranch": 39, "capacity_hunters": 0, "shoot_days": "1111111", "open_for_resvs": "2000-01-01T00:00:00Z"}, "model": "resv.blind", "pk": 117}, {"fields": {"capacity_perparty":0, "capacity_parties": 0, "name": "B5", "capacity_persons": 4, "ranch": 39, "capacity_hunters": 0, "shoot_days": "1111111", "open_for_resvs": "2000-01-01T00:00:00Z"}, "model": "resv.blind", "pk": 118}, {"fields": {"capacity_perparty":0, "capacity_parties": 0, "name": "B6", "capacity_persons": 4, "ranch": 39, "capacity_hunters": 0, "shoot_days": "1111111", "open_for_resvs": "2000-01-01T00:00:00Z"}, "model": "resv.blind", "pk": 119}, {"fields": {"capacity_perparty":0, "capacity_parties": 0, "name": "B7", "capacity_persons": 6, "ranch": 39, "capacity_hunters": 0, "shoot_days": "1111111", "open_for_resvs": "2000-01-01T00:00:00Z"}, "model": "resv.blind", "pk": 120}, {"fields": {"capacity_perparty":0, "capacity_parties": 9, "name": "Free roam", "capacity_persons": 0, "ranch": 40, "capacity_hunters": 0, "shoot_days": "1111111", "open_for_resvs": "2000-01-01T00:00:00Z"}, "model": "resv.blind", "pk": 121}, {"fields": {"capacity_perparty":0, "capacity_parties": 1, "name": "Boat 1", "capacity_persons": 0, "ranch": 40, "capacity_hunters": 0, "shoot_days": "1111111", "open_for_resvs": "2000-01-01T00:00:00Z"}, "model": "resv.blind", "pk": 122}, {"fields": {"capacity_perparty":0, "capacity_parties": 1, "name": "Boat 2", "capacity_persons": 0, "ranch": 40, "capacity_hunters": 0, "shoot_days": "1111111", "open_for_resvs": "2000-01-01T00:00:00Z"}, "model": "resv.blind", "pk": 123}, {"fields": {"capacity_perparty":0, "capacity_parties": 0, "name": "B1", "capacity_persons": 2, "ranch": 41, "capacity_hunters": 0, "shoot_days": "0010011", "open_for_resvs": "2000-01-01T00:00:00Z"}, "model": "resv.blind", "pk": 124}, {"fields": {"capacity_perparty":0, "capacity_parties": 0, "name": "B10", "capacity_persons": 2, "ranch": 41, "capacity_hunters": 0, "shoot_days": "0010011", "open_for_resvs": "2000-01-01T00:00:00Z"}, "model": "resv.blind", "pk": 125}, {"fields": {"capacity_perparty":0, "capacity_parties": 0, "name": "B11", "capacity_persons": 2, "ranch": 41, "capacity_hunters": 0, "shoot_days": "0010011", "open_for_resvs": "2000-01-01T00:00:00Z"}, "model": "resv.blind", "pk": 126}, {"fields": {"capacity_perparty":0, "capacity_parties": 0, "name": "B12", "capacity_persons": 2, "ranch": 41, "capacity_hunters": 0, "shoot_days": "0010011", "open_for_resvs": "2000-01-01T00:00:00Z"}, "model": "resv.blind", "pk": 127}, {"fields": {"capacity_perparty":0, "capacity_parties": 0, "name": "B13", "capacity_persons": 2, "ranch": 41, "capacity_hunters": 0, "shoot_days": "0010011", "open_for_resvs": "2000-01-01T00:00:00Z"}, "model": "resv.blind", "pk": 128}, {"fields": {"capacity_perparty":0, "capacity_parties": 0, "name": "B2", "capacity_persons": 2, "ranch": 41, "capacity_hunters": 0, "shoot_days": "0010011", "open_for_resvs": "2000-01-01T00:00:00Z"}, "model": "resv.blind", "pk": 129}, {"fields": {"capacity_perparty":0, "capacity_parties": 0, "name": "B3", "capacity_persons": 2, "ranch": 41, "capacity_hunters": 0, "shoot_days": "0010011", "open_for_resvs": "2000-01-01T00:00:00Z"}, "model": "resv.blind", "pk": 130}, {"fields": {"capacity_perparty":0, "capacity_parties": 0, "name": "B4", "capacity_persons": 2, "ranch": 41, "capacity_hunters": 0, "shoot_days": "0010011", "open_for_resvs": "2000-01-01T00:00:00Z"}, "model": "resv.blind", "pk": 131}, {"fields": {"capacity_perparty":0, "capacity_parties": 0, "name": "B5", "capacity_persons": 2, "ranch": 41, "capacity_hunters": 0, "shoot_days": "0010011", "open_for_resvs": "2000-01-01T00:00:00Z"}, "model": "resv.blind", "pk": 132}, {"fields": {"capacity_perparty":0, "capacity_parties": 0, "name": "B6", "capacity_persons": 2, "ranch": 41, "capacity_hunters": 0, "shoot_days": "0010011", "open_for_resvs": "2000-01-01T00:00:00Z"}, "model": "resv.blind", "pk": 133}, {"fields": {"capacity_perparty":0, "capacity_parties": 0, "name": "B7", "capacity_persons": 2, "ranch": 41, "capacity_hunters": 0, "shoot_days": "0010011", "open_for_resvs": "2000-01-01T00:00:00Z"}, "model": "resv.blind", "pk": 134}, {"fields": {"capacity_perparty":0, "capacity_parties": 0, "name": "B8", "capacity_persons": 2, "ranch": 41, "capacity_hunters": 0, "shoot_days": "0010011", "open_for_resvs": "2000-01-01T00:00:00Z"}, "model": "resv.blind", "pk": 135}, {"fields": {"capacity_perparty":0, "capacity_parties": 0, "name": "B9", "capacity_persons": 2, "ranch": 41, "capacity_hunters": 0, "shoot_days": "0010011", "open_for_resvs": "2000-01-01T00:00:00Z"}, "model": "resv.blind", "pk": 136}, {"fields": {"capacity_perparty":0, "capacity_parties": 0, "name": "BA", "capacity_persons": 4, "ranch": 41, "capacity_hunters": 0, "shoot_days": "1001000", "open_for_resvs": "2000-01-01T00:00:00Z"}, "model": "resv.blind", "pk": 137}, {"fields": {"capacity_perparty":0, "capacity_parties": 0, "name": "BB", "capacity_persons": 4, "ranch": 41, "capacity_hunters": 0, "shoot_days": "1001000", "open_for_resvs": "2000-01-01T00:00:00Z"}, "model": "resv.blind", "pk": 138}, {"fields": {"capacity_perparty":0, "capacity_parties": 0, "name": "Free roam", "capacity_persons": 0, "ranch": 42, "capacity_hunters": 5, "shoot_days": "1111111", "open_for_resvs": "2000-01-01T00:00:00Z"}, "model": "resv.blind", "pk": 139}, {"fields": {"capacity_perparty":0, "capacity_parties": 0, "name": "Free roam", "capacity_persons": 0, "ranch": 43, "capacity_hunters": 0, "shoot_days": "1111111", "open_for_resvs": "2000-01-01T00:00:00Z"}, "model": "resv.blind", "pk": 140}, {"fields": {"capacity_perparty":0, "capacity_parties": 0, "name": "B1", "capacity_persons": 0, "ranch": 44, "capacity_hunters": 0, "shoot_days": "0110011", "open_for_resvs": "2000-01-01T00:00:00Z"}, "model": "resv.blind", "pk": 141}, {"fields": {"capacity_perparty":0, "capacity_parties": 0, "name": "B2", "capacity_persons": 0, "ranch": 44, "capacity_hunters": 0, "shoot_days": "0110011", "open_for_resvs": "2000-01-01T00:00:00Z"}, "model": "resv.blind", "pk": 142}, {"fields": {"capacity_perparty":0, "capacity_parties": 0, "name": "B3", "capacity_persons": 0, "ranch": 44, "capacity_hunters": 0, "shoot_days": "0110011", "open_for_resvs": "2000-01-01T00:00:00Z"}, "model": "resv.blind", "pk": 143}, {"fields": {"capacity_perparty":0, "capacity_parties": 0, "name": "BA", "capacity_persons": 0, "ranch": 44, "capacity_hunters": 0, "shoot_days": "0110011", "open_for_resvs": "2000-01-01T00:00:00Z"}, "model": "resv.blind", "pk": 144}, {"fields": {"capacity_perparty":0, "capacity_parties": 0, "name": "Free roam", "capacity_persons": 0, "ranch": 45, "capacity_hunters": 0, "shoot_days": "0001011", "open_for_resvs": "2000-01-01T00:00:00Z"}, "model": "resv.blind", "pk": 145}, {"fields": {"capacity_perparty":0, "capacity_parties": 0, "name": "Free roam", "capacity_persons": 0, "ranch": 46, "capacity_hunters": 0, "shoot_days": "1111111", "open_for_resvs": "2000-01-01T00:00:00Z"}, "model": "resv.blind", "pk": 146}, {"fields": {"capacity_perparty":0, "capacity_parties": 0, "name": "Free roam", "capacity_persons": 0, "ranch": 47, "capacity_hunters": 0, "shoot_days": "1111111", "open_for_resvs": "2000-01-01T00:00:00Z"}, "model": "resv.blind", "pk": 147}, {"fields": {"capacity_perparty":0, "capacity_parties": 0, "name": "Boat", "capacity_persons": 0, "ranch": 47, "capacity_hunters": 0, "shoot_days": "1111111", "open_for_resvs": "2000-01-01T00:00:00Z"}, "model": "resv.blind", "pk": 148}, {"fields": {"capacity_perparty":0, "capacity_parties": 0, "name": "Controlled", "capacity_persons": 0, "ranch": 48, "capacity_hunters": 0, "shoot_days": "1111111", "open_for_resvs": "2000-01-01T00:00:00Z"}, "model": "resv.blind", "pk": 149}, {"fields": {"capacity_perparty":0, "capacity_parties": 0, "name": "Fishing", "capacity_persons": 0, "ranch": 48, "capacity_hunters": 0, "shoot_days": "1111111", "open_for_resvs": "2000-01-01T00:00:00Z"}, "model": "resv.blind", "pk": 150}, {"fields": {"capacity_perparty":0, "capacity_parties": 0, "name": "Predator", "capacity_persons": 0, "ranch": 49, "capacity_hunters": 0, "shoot_days": "1111111", "open_for_resvs": "2000-01-01T00:00:00Z"}, "model": "resv.blind", "pk": 151}, {"fields": {"capacity_perparty":0, "capacity_parties": 0, "name": "Free roam", "capacity_persons": 0, "ranch": 50, "capacity_hunters": 0, "shoot_days": "1111111", "open_for_resvs": "2000-01-01T00:00:00Z"}, "model": "resv.blind", "pk": 152}, {"fields": {"capacity_perparty":0, "capacity_parties": 0, "name": "B1", "capacity_persons": 0, "ranch": 51, "capacity_hunters": 0, "shoot_days": "0010011", "open_for_resvs": "2000-01-01T00:00:00Z"}, "model": "resv.blind", "pk": 153}, {"fields": {"capacity_perparty":0, "capacity_parties": 0, "name": "B2", "capacity_persons": 0, "ranch": 51, "capacity_hunters": 0, "shoot_days": "0010011", "open_for_resvs": "2000-01-01T00:00:00Z"}, "model": "resv.blind", "pk": 154}, {"fields": {"capacity_perparty":0, "capacity_parties": 0, "name": "Free roam", "capacity_persons": 0, "ranch": 52, "capacity_hunters": 0, "shoot_days": "1111111", "open_for_resvs": "2000-01-01T00:00:00Z"}, "model": "resv.blind", "pk": 155}, {"fields": {"capacity_perparty":0, "capacity_parties": 0, "name": "Free roam", "capacity_persons": 0, "ranch": 53, "capacity_hunters": 0, "shoot_days": "1111111", "open_for_resvs": "2000-01-01T00:00:00Z"}, "model": "resv.blind", "pk": 156}, {"fields": {"capacity_perparty":0, "capacity_parties": 0, "name": "Free roam", "capacity_persons": 0, "ranch": 54, "capacity_hunters": 0, "shoot_days": "1111111", "open_for_resvs": "2000-01-01T00:00:00Z"}, "model": "resv.blind", "pk": 157}, {"fields": {"capacity_perparty":0, "capacity_parties": 0, "name": "Lodge", "capacity_persons": 0, "ranch": 54, "capacity_hunters": 0, "shoot_days": "1111111", "open_for_resvs": "2000-01-01T00:00:00Z"}, "model": "resv.blind", "pk": 158}, {"fields": {"game_region": 1, "resv_open": "2014-09-19", "start_date": "2014-08-24", "end_date": "2015-08-01"}, "model": "resv.season", "pk": 1}, {"fields": {"game_region": 2, "resv_open": "2014-09-19", "start_date": "2014-08-24", "end_date": "2015-08-01"}, "model": "resv.season", "pk": 2}, {"fields": {"game_region": 3, "resv_open": "2014-09-19", "start_date": "2014-08-24", "end_date": "2015-08-01"}, "model": "resv.season", "pk": 3}, {"fields": {"game_region": 4, "resv_open": "2014-09-19", "start_date": "2014-08-24", "end_date": "2015-08-01"}, "model": "resv.season", "pk": 4}, {"fields": {"game_region": 5, "resv_open": "2014-09-19", "start_date": "2014-08-24", "end_date": "2015-08-01"}, "model": "resv.season", "pk": 5}, {"fields": {"game_region": 6, "resv_open": "2014-09-19", "start_date": "2014-08-24", "end_date": "2015-08-01"}, "model": "resv.season", "pk": 6}, {"fields": {"game_region": 7, "resv_open": "2014-09-19", "start_date": "2014-08-24", "end_date": "2015-08-01"}, "model": "resv.season", "pk": 7}, {"fields": {"game_region": 8, "resv_open": "2014-09-19", "start_date": "2014-08-24", "end_date": "2015-08-01"}, "model": "resv.season", "pk": 8}, {"fields": {"game_region": 9, "resv_open": "2014-09-19", "start_date": "2014-08-24", "end_date": "2015-08-01"}, "model": "resv.season", "pk": 9}, {"fields": {"game_region": 10, "resv_open": "2014-09-19", "start_date": "2014-08-24", "end_date": "2015-08-01"}, "model": "resv.season", "pk": 10}, {"fields": {"game_region": 11, "resv_open": "2014-09-19", "start_date": "2014-08-24", "end_date": "2015-08-01"}, "model": "resv.season", "pk": 11}, {"fields": {"game_region": 12, "resv_open": "2014-09-19", "start_date": "2014-08-24", "end_date": "2015-08-01"}, "model": "resv.season", "pk": 12}, {"fields": {"game_region": 13, "resv_open": "2014-09-19", "start_date": "2014-08-24", "end_date": "2015-08-01"}, "model": "resv.season", "pk": 13}, {"fields": {"game_region": 14, "resv_open": "2014-09-19", "start_date": "2014-08-24", "end_date": "2015-08-01"}, "model": "resv.season", "pk": 14}, {"fields": {"game_region": 15, "resv_open": "2014-09-19", "start_date": "2014-08-24", "end_date": "2015-08-01"}, "model": "resv.season", "pk": 15}, {"fields": {"blind": 4, "updated": "2014-05-03T19:13:16.351Z", "standby_state": 0, "end_date": "2014-05-04", "created": "2014-05-03T19:11:56.651Z", "resv": 1, "dog": 0, "game": 4, "dog_comment": "", "standby_updated": "2000-01-01T08:00:00Z", "state": "Canceled", "start_date": "2014-05-04"}, "model": "resv.resvsegment", "pk": 1}, {"fields": {"blind": 5, "updated": "2014-05-09T06:17:30.827Z", "standby_state": 0, "end_date": "2014-05-05", "created": "2014-05-03T19:12:07.750Z", "resv": 1, "dog": 0, "game": 4, "dog_comment": "", "standby_updated": "2000-01-01T08:00:00Z", "state": "Canceled", "start_date": "2014-05-05"}, "model": "resv.resvsegment", "pk": 2}, {"fields": {"blind": 6, "updated": "2014-05-09T06:17:30.824Z", "standby_state": 0, "end_date": "2014-05-06", "created": "2014-05-03T19:12:36.367Z", "resv": 1, "dog": 0, "game": 4, "dog_comment": "", "standby_updated": "2000-01-01T08:00:00Z", "state": "Canceled", "start_date": "2014-05-06"}, "model": "resv.resvsegment", "pk": 3}, {"fields": {"blind": 11, "updated": "2014-05-09T06:17:41.745Z", "standby_state": 0, "end_date": "2014-05-14", "created": "2014-05-03T19:14:14.604Z", "resv": 2, "dog": 0, "game": 3, "dog_comment": "", "standby_updated": "2000-01-01T08:00:00Z", "state": "Canceled", "start_date": "2014-05-12"}, "model": "resv.resvsegment", "pk": 4}, {"fields": {"blind": 58, "updated": "2014-05-09T06:17:29.107Z", "standby_state": 0, "end_date": "2014-05-09", "created": "2014-05-03T19:15:13.072Z", "resv": 3, "dog": 0, "game": 1, "dog_comment": "", "standby_updated": "2000-01-01T08:00:00Z", "state": "Canceled", "start_date": "2014-05-04"}, "model": "resv.resvsegment", "pk": 5}, {"fields": {"blind": 20, "updated": "2014-05-09T06:17:27.902Z", "standby_state": 0, "end_date": "2014-05-04", "created": "2014-05-03T19:15:53.111Z", "resv": 4, "dog": 0, "game": 1, "dog_comment": "", "standby_updated": "2000-01-01T08:00:00Z", "state": "Canceled", "start_date": "2014-05-03"}, "model": "resv.resvsegment", "pk": 6}, {"fields": {"blind": 139, "updated": "2014-05-03T19:18:27.884Z", "standby_state": 0, "end_date": "2014-05-06", "created": "2014-05-03T19:16:14.547Z", "resv": 4, "dog": 0, "game": 1, "dog_comment": "", "standby_updated": "2000-01-01T08:00:00Z", "state": "Canceled", "start_date": "2014-05-05"}, "model": "resv.resvsegment", "pk": 7}, {"fields": {"blind": 139, "updated": "2014-05-03T19:18:26.447Z", "standby_state": 0, "end_date": "2014-05-09", "created": "2014-05-03T19:16:43.847Z", "resv": 4, "dog": 0, "game": 1, "dog_comment": "", "standby_updated": "2000-01-01T08:00:00Z", "state": "Canceled", "start_date": "2014-05-05"}, "model": "resv.resvsegment", "pk": 8}, {"fields": {"blind": 7, "updated": "2014-05-09T06:17:27.899Z", "standby_state": 0, "end_date": "2014-05-06", "created": "2014-05-03T19:17:10.632Z", "resv": 4, "dog": 0, "game": 3, "dog_comment": "", "standby_updated": "2000-01-01T08:00:00Z", "state": "Canceled", "start_date": "2014-05-06"}, "model": "resv.resvsegment", "pk": 9}, {"fields": {"blind": 71, "updated": "2014-05-09T06:17:30.043Z", "standby_state": 0, "end_date": "2014-05-05", "created": "2014-05-04T00:06:16.472Z", "resv": 5, "dog": 0, "game": 3, "dog_comment": "", "standby_updated": "2000-01-01T08:00:00Z", "state": "Canceled", "start_date": "2014-05-04"}, "model": "resv.resvsegment", "pk": 10}, {"fields": {"blind": 3, "updated": "2014-05-04T00:09:15.438Z", "standby_state": 0, "end_date": "2014-05-07", "created": "2014-05-04T00:08:52.222Z", "resv": 5, "dog": 0, "game": 1, "dog_comment": "", "standby_updated": "2000-01-01T08:00:00Z", "state": "Canceled", "start_date": "2014-05-06"}, "model": "resv.resvsegment", "pk": 11}, {"fields": {"blind": 9, "updated": "2014-05-04T00:09:45.144Z", "standby_state": 0, "end_date": "2014-05-09", "created": "2014-05-04T00:09:31.277Z", "resv": 5, "dog": 0, "game": 3, "dog_comment": "", "standby_updated": "2000-01-01T08:00:00Z", "state": "Canceled", "start_date": "2014-05-07"}, "model": "resv.resvsegment", "pk": 12}, {"fields": {"blind": 1, "updated": "2014-05-09T06:17:31.565Z", "standby_state": 0, "end_date": "2014-05-15", "created": "2014-05-09T01:52:07.547Z", "resv": 6, "dog": 0, "game": 1, "dog_comment": "", "standby_updated": "2000-01-01T08:00:00Z", "state": "Canceled", "start_date": "2014-05-09"}, "model": "resv.resvsegment", "pk": 13}, {"fields": {"blind": 4, "updated": "2014-05-09T01:52:38.397Z", "standby_state": 0, "end_date": "2014-05-16", "created": "2014-05-09T01:52:36.427Z", "resv": 7, "dog": 0, "game": 4, "dog_comment": "", "standby_updated": "2000-01-01T08:00:00Z", "state": "Confirmed", "start_date": "2014-05-09"}, "model": "resv.resvsegment", "pk": 14}, {"fields": {"blind": 27, "updated": "2014-05-09T06:17:32.296Z", "standby_state": 0, "end_date": "2014-05-17", "created": "2014-05-09T01:55:05.484Z", "resv": 8, "dog": 0, "game": 3, "dog_comment": "", "standby_updated": "2000-01-01T08:00:00Z", "state": "Canceled", "start_date": "2014-05-09"}, "model": "resv.resvsegment", "pk": 15}, {"fields": {"blind": 7, "updated": "2014-05-09T06:17:33.187Z", "standby_state": 0, "end_date": "2014-05-17", "created": "2014-05-09T01:59:09.371Z", "resv": 9, "dog": 0, "game": 3, "dog_comment": "", "standby_updated": "2000-01-01T08:00:00Z", "state": "Canceled", "start_date": "2014-05-09"}, "model": "resv.resvsegment", "pk": 16}, {"fields": {"blind": 19, "updated": "2014-05-09T02:09:15.943Z", "standby_state": 0, "end_date": "2014-05-16", "created": "2014-05-09T02:09:14.565Z", "resv": 10, "dog": 0, "game": 1, "dog_comment": "", "standby_updated": "2000-01-01T08:00:00Z", "state": "Confirmed", "start_date": "2014-05-09"}, "model": "resv.resvsegment", "pk": 17}, {"fields": {"blind": 139, "updated": "2014-05-09T02:11:55.425Z", "standby_state": 0, "end_date": "2014-05-18", "created": "2014-05-09T02:11:55.418Z", "resv": 11, "dog": 0, "game": 1, "dog_comment": "", "standby_updated": "2000-01-01T08:00:00Z", "state": "Pending", "start_date": "2014-05-11"}, "model": "resv.resvsegment", "pk": 18}, {"fields": {"blind": 1, "updated": "2014-05-09T06:00:30.585Z", "standby_state": 0, "end_date": "2014-05-18", "created": "2014-05-09T06:00:30.572Z", "resv": 12, "dog": 0, "game": 1, "dog_comment": "", "standby_updated": "2000-01-01T08:00:00Z", "state": "Pending", "start_date": "2014-05-09"}, "model": "resv.resvsegment", "pk": 19}, {"fields": {"blind": 12, "updated": "2014-05-09T06:17:38.617Z", "standby_state": 0, "end_date": "2014-05-12", "created": "2014-05-09T06:17:07.148Z", "resv": 13, "dog": 0, "game": 3, "dog_comment": "", "standby_updated": "2000-01-01T08:00:00Z", "state": "Canceled", "start_date": "2014-05-09"}, "model": "resv.resvsegment", "pk": 20}, {"fields": {"blind": 34, "updated": "2014-05-09T06:19:12.686Z", "standby_state": 0, "end_date": "2014-05-16", "created": "2014-05-09T06:18:03.960Z", "resv": 14, "dog": 0, "game": 3, "dog_comment": "", "standby_updated": "2000-01-01T08:00:00Z", "state": "Pending", "start_date": "2014-05-09"}, "model": "resv.resvsegment", "pk": 21}, {"fields": {"blind": 1, "updated": "2014-05-10T05:12:26.847Z", "standby_state": 0, "end_date": "2014-05-11", "created": "2014-05-10T05:12:26.834Z", "resv": 15, "dog": 0, "game": 1, "dog_comment": "", "standby_updated": "2000-01-01T08:00:00Z", "state": "Pending", "start_date": "2014-05-10"}, "model": "resv.resvsegment", "pk": 22}, {"fields": {"blind": 5, "updated": "2014-05-10T05:12:44.561Z", "standby_state": 0, "end_date": "2014-05-10", "created": "2014-05-10T05:12:44.554Z", "resv": 15, "dog": 0, "game": 4, "dog_comment": "", "standby_updated": "2000-01-01T08:00:00Z", "state": "Pending", "start_date": "2014-05-10"}, "model": "resv.resvsegment", "pk": 23}, {"fields": {"blind": 1, "updated": "2014-05-10T05:38:53.735Z", "standby_state": 0, "end_date": "2014-05-10", "created": "2014-05-10T05:38:53.728Z", "resv": 16, "dog": 0, "game": 1, "dog_comment": "", "standby_updated": "2000-01-01T08:00:00Z", "state": "Pending", "start_date": "2014-05-10"}, "model": "resv.resvsegment", "pk": 24}, {"fields": {"blind": 2, "updated": "2014-05-10T17:53:57.361Z", "standby_state": 0, "end_date": "2014-06-01", "created": "2014-05-10T17:53:57.353Z", "resv": 17, "dog": 0, "game": 2, "dog_comment": "", "standby_updated": "2000-01-01T08:00:00Z", "state": "Pending", "start_date": "2014-05-31"}, "model": "resv.resvsegment", "pk": 25}, {"fields": {"blind": 20, "updated": "2014-05-10T17:58:07.804Z", "standby_state": 0, "end_date": "2014-06-01", "created": "2014-05-10T17:58:07.795Z", "resv": 18, "dog": 0, "game": 1, "dog_comment": "", "standby_updated": "2000-01-01T08:00:00Z", "state": "Pending", "start_date": "2014-06-01"}, "model": "resv.resvsegment", "pk": 26}, {"fields": {"blind": 1, "updated": "2014-05-12T01:57:44.264Z", "standby_state": 0, "end_date": "2014-05-18", "created": "2014-05-12T01:57:44.251Z", "resv": 19, "dog": 0, "game": 1, "dog_comment": "", "standby_updated": "2000-01-01T08:00:00Z", "state": "Pending", "start_date": "2014-05-12"}, "model": "resv.resvsegment", "pk": 27}, {"fields": {"blind": 139, "updated": "2014-05-13T05:26:02.685Z", "standby_state": 0, "end_date": "2014-05-30", "created": "2014-05-13T05:07:46.556Z", "resv": 20, "dog": 0, "game": 1, "dog_comment": "", "standby_updated": "2000-01-01T08:00:00Z", "state": "Canceled", "start_date": "2014-05-30"}, "model": "resv.resvsegment", "pk": 28}, {"fields": {"blind": 34, "updated": "2014-05-13T05:24:19.287Z", "standby_state": 0, "end_date": "2014-08-06", "created": "2014-05-13T05:21:53.397Z", "resv": 21, "dog": 0, "game": 3, "dog_comment": "", "standby_updated": "2000-01-01T08:00:00Z", "state": "Canceled", "start_date": "2014-08-04"}, "model": "resv.resvsegment", "pk": 29}, {"fields": {"blind": 16, "updated": "2014-05-13T05:25:21.304Z", "standby_state": 0, "end_date": "2014-05-13", "created": "2014-05-13T05:24:46.845Z", "resv": 22, "dog": 0, "game": 1, "dog_comment": "", "standby_updated": "2000-01-01T08:00:00Z", "state": "Confirmed", "start_date": "2014-05-13"}, "model": "resv.resvsegment", "pk": 30}, {"fields": {"blind": 21, "updated": "2014-05-13T05:25:21.306Z", "standby_state": 0, "end_date": "2014-05-14", "created": "2014-05-13T05:25:18.275Z", "resv": 22, "dog": 0, "game": 4, "dog_comment": "", "standby_updated": "2000-01-01T08:00:00Z", "state": "Confirmed", "start_date": "2014-05-14"}, "model": "resv.resvsegment", "pk": 31}, {"fields": {"blind": 15, "updated": "2014-05-13T05:26:48.045Z", "standby_state": 0, "end_date": "2014-05-17", "created": "2014-05-13T05:26:18.862Z", "resv": 23, "dog": 0, "game": 1, "dog_comment": "", "standby_updated": "2000-01-01T08:00:00Z", "state": "Confirmed", "start_date": "2014-05-13"}, "model": "resv.resvsegment", "pk": 32}, {"fields": {"blind": 23, "updated": "2014-05-13T05:26:48.047Z", "standby_state": 0, "end_date": "2014-05-18", "created": "2014-05-13T05:26:35.733Z", "resv": 23, "dog": 0, "game": 4, "dog_comment": "", "standby_updated": "2000-01-01T08:00:00Z", "state": "Confirmed", "start_date": "2014-05-18"}, "model": "resv.resvsegment", "pk": 33}, {"fields": {"blind": 34, "updated": "2014-05-13T05:39:20.661Z", "standby_state": 0, "end_date": "2014-05-13", "created": "2014-05-13T05:27:07.984Z", "resv": 24, "dog": 0, "game": 3, "dog_comment": "", "standby_updated": "2000-01-01T08:00:00Z", "state": "Canceled", "start_date": "2014-05-13"}, "model": "resv.resvsegment", "pk": 34}, {"fields": {"blind": 35, "updated": "2014-05-13T05:39:23.269Z", "standby_state": 0, "end_date": "2014-05-14", "created": "2014-05-13T05:27:14.761Z", "resv": 24, "dog": 0, "game": 3, "dog_comment": "", "standby_updated": "2000-01-01T08:00:00Z", "state": "Canceled", "start_date": "2014-05-14"}, "model": "resv.resvsegment", "pk": 35}, {"fields": {"blind": 36, "updated": "2014-05-13T05:39:21.568Z", "standby_state": 0, "end_date": "2014-05-15", "created": "2014-05-13T05:27:21.427Z", "resv": 24, "dog": 0, "game": 3, "dog_comment": "", "standby_updated": "2000-01-01T08:00:00Z", "state": "Canceled", "start_date": "2014-05-15"}, "model": "resv.resvsegment", "pk": 36}, {"fields": {"blind": 2, "updated": "2014-06-30T19:53:11.557Z", "standby_state": 0, "end_date": "2014-05-14", "created": "2014-05-13T05:39:39.675Z", "resv": 25, "dog": 0, "game": 1, "dog_comment": "", "standby_updated": "2000-01-01T08:00:00Z", "state": "Canceled", "start_date": "2014-05-13"}, "model": "resv.resvsegment", "pk": 37}, {"fields": {"blind": 3, "updated": "2014-05-16T01:37:53.583Z", "standby_state": 0, "end_date": "2014-05-19", "created": "2014-05-13T05:39:51.953Z", "resv": 25, "dog": 0, "game": 1, "dog_comment": "", "standby_updated": "2000-01-01T08:00:00Z", "state": "Confirmed", "start_date": "2014-05-15"}, "model": "resv.resvsegment", "pk": 38}, {"fields": {"blind": 27, "updated": "2014-05-14T04:06:08.204Z", "standby_state": 0, "end_date": "2014-05-19", "created": "2014-05-14T04:04:27.376Z", "resv": 26, "dog": 0, "game": 3, "dog_comment": "", "standby_updated": "2000-01-01T08:00:00Z", "state": "Canceled", "start_date": "2014-05-19"}, "model": "resv.resvsegment", "pk": 39}, {"fields": {"blind": 28, "updated": "2014-05-14T04:06:09.949Z", "standby_state": 0, "end_date": "2014-05-20", "created": "2014-05-14T04:04:35.722Z", "resv": 26, "dog": 0, "game": 3, "dog_comment": "", "standby_updated": "2000-01-01T08:00:00Z", "state": "Canceled", "start_date": "2014-05-20"}, "model": "resv.resvsegment", "pk": 40}, {"fields": {"blind": 30, "updated": "2014-05-14T04:06:08.723Z", "standby_state": 0, "end_date": "2014-05-21", "created": "2014-05-14T04:04:43.366Z", "resv": 26, "dog": 0, "game": 3, "dog_comment": "", "standby_updated": "2000-01-01T08:00:00Z", "state": "Canceled", "start_date": "2014-05-21"}, "model": "resv.resvsegment", "pk": 41}, {"fields": {"blind": 27, "updated": "2014-05-14T04:23:24.776Z", "standby_state": 0, "end_date": "2014-05-19", "created": "2014-05-14T04:06:45.576Z", "resv": 27, "dog": 0, "game": 3, "dog_comment": "", "standby_updated": "2000-01-01T08:00:00Z", "state": "Canceled", "start_date": "2014-05-19"}, "model": "resv.resvsegment", "pk": 42}, {"fields": {"blind": 28, "updated": "2014-05-14T04:23:24.781Z", "standby_state": 0, "end_date": "2014-05-20", "created": "2014-05-14T04:06:52.472Z", "resv": 27, "dog": 0, "game": 3, "dog_comment": "", "standby_updated": "2000-01-01T08:00:00Z", "state": "Canceled", "start_date": "2014-05-20"}, "model": "resv.resvsegment", "pk": 43}, {"fields": {"blind": 30, "updated": "2014-05-14T04:23:24.785Z", "standby_state": 0, "end_date": "2014-05-21", "created": "2014-05-14T04:07:20.753Z", "resv": 27, "dog": 0, "game": 3, "dog_comment": "", "standby_updated": "2000-01-01T08:00:00Z", "state": "Canceled", "start_date": "2014-05-21"}, "model": "resv.resvsegment", "pk": 44}, {"fields": {"blind": 4, "updated": "2014-05-14T04:13:29.267Z", "standby_state": 0, "end_date": "2014-05-21", "created": "2014-05-14T04:12:38.630Z", "resv": 28, "dog": 0, "game": 4, "dog_comment": "", "standby_updated": "2000-01-01T08:00:00Z", "state": "Canceled", "start_date": "2014-05-21"}, "model": "resv.resvsegment", "pk": 45}, {"fields": {"blind": 16, "updated": "2014-05-14T04:13:30.656Z", "standby_state": 0, "end_date": "2014-05-22", "created": "2014-05-14T04:12:47.948Z", "resv": 28, "dog": 0, "game": 4, "dog_comment": "", "standby_updated": "2000-01-01T08:00:00Z", "state": "Confirmed", "start_date": "2014-05-22"}, "model": "resv.resvsegment", "pk": 46}, {"fields": {"blind": 22, "updated": "2014-05-14T04:13:30.654Z", "standby_state": 0, "end_date": "2014-05-23", "created": "2014-05-14T04:13:05.063Z", "resv": 28, "dog": 0, "game": 4, "dog_comment": "", "standby_updated": "2000-01-01T08:00:00Z", "state": "Confirmed", "start_date": "2014-05-23"}, "model": "resv.resvsegment", "pk": 47}, {"fields": {"blind": 9, "updated": "2014-05-26T19:03:04.296Z", "standby_state": 0, "end_date": "2014-06-01", "created": "2014-05-14T05:07:38.241Z", "resv": 29, "dog": 0, "game": 3, "dog_comment": "", "standby_updated": "2000-01-01T08:00:00Z", "state": "Canceled", "start_date": "2014-06-01"}, "model": "resv.resvsegment", "pk": 48}, {"fields": {"blind": 10, "updated": "2014-05-26T19:23:15.803Z", "standby_state": 0, "end_date": "2014-06-02", "created": "2014-05-14T05:07:51.419Z", "resv": 29, "dog": 0, "game": 3, "dog_comment": "", "standby_updated": "2000-01-01T08:00:00Z", "state": "Canceled", "start_date": "2014-06-02"}, "model": "resv.resvsegment", "pk": 49}, {"fields": {"blind": 11, "updated": "2014-05-26T19:32:04.606Z", "standby_state": 0, "end_date": "2014-06-03", "created": "2014-05-14T05:08:17.827Z", "resv": 29, "dog": 0, "game": 3, "dog_comment": "", "standby_updated": "2000-01-01T08:00:00Z", "state": "Canceled", "start_date": "2014-06-03"}, "model": "resv.resvsegment", "pk": 50}, {"fields": {"blind": 2, "updated": "2014-05-14T05:25:37.454Z", "standby_state": 0, "end_date": "2014-05-19", "created": "2014-05-14T05:25:37.446Z", "resv": 30, "dog": 0, "game": 1, "dog_comment": "", "standby_updated": "2000-01-01T08:00:00Z", "state": "Pending", "start_date": "2014-05-15"}, "model": "resv.resvsegment", "pk": 51}, {"fields": {"blind": 15, "updated": "2014-05-16T01:37:53.585Z", "standby_state": 0, "end_date": "2014-05-21", "created": "2014-05-16T01:37:41.638Z", "resv": 25, "dog": 0, "game": 1, "dog_comment": "", "standby_updated": "2000-01-01T08:00:00Z", "state": "Confirmed", "start_date": "2014-05-20"}, "model": "resv.resvsegment", "pk": 52}, {"fields": {"blind": 1, "updated": "2014-05-25T19:08:57.918Z", "standby_state": 0, "end_date": "2014-05-25", "created": "2014-05-25T19:08:57.903Z", "resv": 31, "dog": 0, "game": 1, "dog_comment": "", "standby_updated": "2000-01-01T08:00:00Z", "state": "Pending", "start_date": "2014-05-25"}, "model": "resv.resvsegment", "pk": 53}, {"fields": {"blind": 1, "updated": "2014-05-26T19:32:04.600Z", "standby_state": 0, "end_date": "2014-06-04", "created": "2014-05-25T23:44:02.191Z", "resv": 29, "dog": 0, "game": 1, "dog_comment": "", "standby_updated": "2000-01-01T08:00:00Z", "state": "Canceled", "start_date": "2014-06-04"}, "model": "resv.resvsegment", "pk": 54}, {"fields": {"blind": 1, "updated": "2014-05-26T19:32:04.610Z", "standby_state": 0, "end_date": "2014-06-04", "created": "2014-05-26T00:01:02.548Z", "resv": 29, "dog": 0, "game": 1, "dog_comment": "", "standby_updated": "2000-01-01T08:00:00Z", "state": "Canceled", "start_date": "2014-06-04"}, "model": "resv.resvsegment", "pk": 55}, {"fields": {"blind": 2, "updated": "2014-05-26T18:34:51.085Z", "standby_state": 0, "end_date": "2014-06-07", "created": "2014-05-26T00:13:56.870Z", "resv": 32, "dog": 0, "game": 2, "dog_comment": "", "standby_updated": "2000-01-01T08:00:00Z", "state": "Canceled", "start_date": "2014-06-07"}, "model": "resv.resvsegment", "pk": 56}, {"fields": {"blind": 15, "updated": "2014-05-26T18:39:41.207Z", "standby_state": 0, "end_date": "2014-06-07", "created": "2014-05-26T18:35:14.722Z", "resv": 33, "dog": 0, "game": 2, "dog_comment": "", "standby_updated": "2000-01-01T08:00:00Z", "state": "Canceled", "start_date": "2014-06-07"}, "model": "resv.resvsegment", "pk": 57}, {"fields": {"blind": 1, "updated": "2014-05-26T18:42:31.272Z", "standby_state": 0, "end_date": "2014-06-07", "created": "2014-05-26T18:40:21.912Z", "resv": 34, "dog": 0, "game": 2, "dog_comment": "", "standby_updated": "2000-01-01T08:00:00Z", "state": "Canceled", "start_date": "2014-06-07"}, "model": "resv.resvsegment", "pk": 58}, {"fields": {"blind": 34, "updated": "2014-05-28T05:41:07.711Z", "standby_state": 0, "end_date": "2014-05-30", "created": "2014-05-26T19:35:02.421Z", "resv": 35, "dog": 0, "game": 3, "dog_comment": "", "standby_updated": "2000-01-01T08:00:00Z", "state": "Canceled", "start_date": "2014-05-28"}, "model": "resv.resvsegment", "pk": 59}, {"fields": {"blind": 9, "updated": "2014-05-26T19:37:22.374Z", "standby_state": 0, "end_date": "2014-05-28", "created": "2014-05-26T19:37:20.548Z", "resv": 36, "dog": 0, "game": 3, "dog_comment": "", "standby_updated": "2000-01-01T08:00:00Z", "state": "Confirmed", "start_date": "2014-05-26"}, "model": "resv.resvsegment", "pk": 60}, {"fields": {"blind": 2, "updated": "2014-05-27T05:24:01.723Z", "standby_state": 0, "end_date": "2014-05-26", "created": "2014-05-27T05:24:01.712Z", "resv": 37, "dog": 0, "game": 1, "dog_comment": "", "standby_updated": "2000-01-01T08:00:00Z", "state": "Pending", "start_date": "2014-05-26"}, "model": "resv.resvsegment", "pk": 61}, {"fields": {"blind": 1, "updated": "2014-05-28T04:20:03.292Z", "standby_state": 0, "end_date": "2014-05-27", "created": "2014-05-28T04:17:21.875Z", "resv": 38, "dog": 0, "game": 1, "dog_comment": "", "standby_updated": "2000-01-01T08:00:00Z", "state": "Canceled", "start_date": "2014-05-27"}, "model": "resv.resvsegment", "pk": 62}, {"fields": {"blind": 1, "updated": "2014-05-28T04:22:28.450Z", "standby_state": 0, "end_date": "2014-05-27", "created": "2014-05-28T04:20:15.438Z", "resv": 39, "dog": 0, "game": 1, "dog_comment": "", "standby_updated": "2000-01-01T08:00:00Z", "state": "Canceled", "start_date": "2014-05-27"}, "model": "resv.resvsegment", "pk": 63}, {"fields": {"blind": 1, "updated": "2014-05-28T05:27:42.140Z", "standby_state": 0, "end_date": "2014-05-27", "created": "2014-05-28T04:22:40.212Z", "resv": 40, "dog": 0, "game": 1, "dog_comment": "", "standby_updated": "2000-01-01T08:00:00Z", "state": "Canceled", "start_date": "2014-05-27"}, "model": "resv.resvsegment", "pk": 64}, {"fields": {"blind": 1, "updated": "2014-05-28T05:33:05.401Z", "standby_state": 0, "end_date": "2014-05-27", "created": "2014-05-28T05:27:53.997Z", "resv": 41, "dog": 0, "game": 1, "dog_comment": "", "standby_updated": "2000-01-01T08:00:00Z", "state": "Canceled", "start_date": "2014-05-27"}, "model": "resv.resvsegment", "pk": 65}, {"fields": {"blind": 2, "updated": "2014-05-28T05:34:22.520Z", "standby_state": 0, "end_date": "2014-05-27", "created": "2014-05-28T05:33:26.637Z", "resv": 42, "dog": 0, "game": 1, "dog_comment": "", "standby_updated": "2000-01-01T08:00:00Z", "state": "Canceled", "start_date": "2014-05-27"}, "model": "resv.resvsegment", "pk": 66}, {"fields": {"blind": 3, "updated": "2014-05-28T05:35:04.811Z", "standby_state": 0, "end_date": "2014-05-28", "created": "2014-05-28T05:34:39.798Z", "resv": 43, "dog": 0, "game": 1, "dog_comment": "", "standby_updated": "2000-01-01T08:00:00Z", "state": "Canceled", "start_date": "2014-05-27"}, "model": "resv.resvsegment", "pk": 67}, {"fields": {"blind": 3, "updated": "2014-05-28T05:35:35.062Z", "standby_state": 0, "end_date": "2014-05-27", "created": "2014-05-28T05:35:20.911Z", "resv": 44, "dog": 0, "game": 1, "dog_comment": "", "standby_updated": "2000-01-01T08:00:00Z", "state": "Canceled", "start_date": "2014-05-27"}, "model": "resv.resvsegment", "pk": 68}, {"fields": {"blind": 3, "updated": "2014-05-28T05:35:54.895Z", "standby_state": 0, "end_date": "2014-05-27", "created": "2014-05-28T05:35:49.724Z", "resv": 45, "dog": 0, "game": 1, "dog_comment": "", "standby_updated": "2000-01-01T08:00:00Z", "state": "Canceled", "start_date": "2014-05-27"}, "model": "resv.resvsegment", "pk": 69}, {"fields": {"blind": 3, "updated": "2014-05-28T05:37:25.828Z", "standby_state": 0, "end_date": "2014-05-27", "created": "2014-05-28T05:36:06.058Z", "resv": 46, "dog": 0, "game": 1, "dog_comment": "", "standby_updated": "2000-01-01T08:00:00Z", "state": "Canceled", "start_date": "2014-05-27"}, "model": "resv.resvsegment", "pk": 70}, {"fields": {"blind": 3, "updated": "2014-09-15T03:52:36.093Z", "standby_state": 0, "end_date": "2014-05-27", "created": "2014-05-28T05:37:37.638Z", "resv": 47, "dog": 0, "game": 1, "dog_comment": "", "standby_updated": "2000-01-01T08:00:00Z", "state": "Canceled", "start_date": "2014-05-27"}, "model": "resv.resvsegment", "pk": 71}, {"fields": {"blind": 4, "updated": "2014-09-15T03:52:39.435Z", "standby_state": 0, "end_date": "2014-05-28", "created": "2014-05-28T05:41:26.854Z", "resv": 47, "dog": 0, "game": 4, "dog_comment": "", "standby_updated": "2000-01-01T08:00:00Z", "state": "Canceled", "start_date": "2014-05-28"}, "model": "resv.resvsegment", "pk": 72}, {"fields": {"blind": 36, "updated": "2014-05-31T01:23:21.605Z", "standby_state": 0, "end_date": "2014-05-31", "created": "2014-05-31T01:04:20.376Z", "resv": 48, "dog": 1, "game": 3, "dog_comment": "this is my dog comment", "standby_updated": "2000-01-01T08:00:00Z", "state": "Confirmed", "start_date": "2014-05-31"}, "model": "resv.resvsegment", "pk": 73}, {"fields": {"blind": 34, "updated": "2014-05-31T19:06:24.867Z", "standby_state": 0, "end_date": "2014-05-31", "created": "2014-05-31T01:24:52.319Z", "resv": 49, "dog": 1, "game": 3, "dog_comment": "this is my dogga comment", "standby_updated": "2000-01-01T08:00:00Z", "state": "Canceled", "start_date": "2014-05-31"}, "model": "resv.resvsegment", "pk": 74}, {"fields": {"blind": 7, "updated": "2014-05-31T21:52:17.123Z", "standby_state": 0, "end_date": "2014-05-31", "created": "2014-05-31T19:04:56.413Z", "resv": 50, "dog": 1, "game": 3, "dog_comment": "", "standby_updated": "2000-01-01T08:00:00Z", "state": "Confirmed", "start_date": "2014-05-31"}, "model": "resv.resvsegment", "pk": 75}, {"fields": {"blind": 8, "updated": "2014-05-31T21:52:17.131Z", "standby_state": 0, "end_date": "2014-06-01", "created": "2014-05-31T19:05:27.201Z", "resv": 50, "dog": 1, "game": 3, "dog_comment": "my dogga comment", "standby_updated": "2000-01-01T08:00:00Z", "state": "Confirmed", "start_date": "2014-06-01"}, "model": "resv.resvsegment", "pk": 76}, {"fields": {"blind": 9, "updated": "2014-06-01T03:49:38.261Z", "standby_state": 0, "end_date": "2014-06-02", "created": "2014-05-31T19:05:50.232Z", "resv": 50, "dog": 1, "game": 3, "dog_comment": "", "standby_updated": "2000-01-01T08:00:00Z", "state": "Canceled", "start_date": "2014-06-02"}, "model": "resv.resvsegment", "pk": 77}, {"fields": {"blind": 13, "updated": "2014-05-31T21:52:17.135Z", "standby_state": 0, "end_date": "2014-06-03", "created": "2014-05-31T19:06:06.117Z", "resv": 50, "dog": 0, "game": 3, "dog_comment": "", "standby_updated": "2000-01-01T08:00:00Z", "state": "Confirmed", "start_date": "2014-06-03"}, "model": "resv.resvsegment", "pk": 78}, {"fields": {"blind": 35, "updated": "2014-06-01T01:45:49.471Z", "standby_state": 0, "end_date": "2014-06-05", "created": "2014-05-31T21:52:14.607Z", "resv": 50, "dog": 0, "game": 3, "dog_comment": "", "standby_updated": "2000-01-01T08:00:00Z", "state": "Confirmed", "start_date": "2014-06-04"}, "model": "resv.resvsegment", "pk": 79}, {"fields": {"blind": 10, "updated": "2014-05-31T22:03:16.216Z", "standby_state": 0, "end_date": "2014-06-04", "created": "2014-05-31T22:03:01.044Z", "resv": 51, "dog": 1, "game": 3, "dog_comment": "dogga dogga", "standby_updated": "2000-01-01T08:00:00Z", "state": "Canceled", "start_date": "2014-06-04"}, "model": "resv.resvsegment", "pk": 80}, {"fields": {"blind": 1, "updated": "2014-06-01T03:27:28.460Z", "standby_state": 0, "end_date": "2014-06-06", "created": "2014-06-01T03:27:13.552Z", "resv": 52, "dog": 0, "game": 1, "dog_comment": "", "standby_updated": "2000-01-01T08:00:00Z", "state": "Confirmed", "start_date": "2014-06-06"}, "model": "resv.resvsegment", "pk": 81}, {"fields": {"blind": 2, "updated": "2014-06-08T01:53:39.206Z", "standby_state": 0, "end_date": "2014-06-08", "created": "2014-06-08T01:52:44.793Z", "resv": 53, "dog": 0, "game": 1, "dog_comment": "", "standby_updated": "2000-01-01T08:00:00Z", "state": "Canceled", "start_date": "2014-06-08"}, "model": "resv.resvsegment", "pk": 82}, {"fields": {"blind": 4, "updated": "2014-06-08T01:53:55.720Z", "standby_state": 0, "end_date": "2014-06-08", "created": "2014-06-08T01:52:55.922Z", "resv": 53, "dog": 0, "game": 4, "dog_comment": "", "standby_updated": "2000-01-01T08:00:00Z", "state": "Confirmed", "start_date": "2014-06-08"}, "model": "resv.resvsegment", "pk": 83}, {"fields": {"blind": 6, "updated": "2014-06-08T01:53:55.728Z", "standby_state": 0, "end_date": "2014-06-09", "created": "2014-06-08T01:53:10.011Z", "resv": 53, "dog": 0, "game": 4, "dog_comment": "", "standby_updated": "2000-01-01T08:00:00Z", "state": "Confirmed", "start_date": "2014-06-09"}, "model": "resv.resvsegment", "pk": 84}, {"fields": {"blind": 15, "updated": "2014-06-08T01:53:55.729Z", "standby_state": 0, "end_date": "2014-06-10", "created": "2014-06-08T01:53:29.204Z", "resv": 53, "dog": 0, "game": 1, "dog_comment": "", "standby_updated": "2000-01-01T08:00:00Z", "state": "Confirmed", "start_date": "2014-06-10"}, "model": "resv.resvsegment", "pk": 85}, {"fields": {"blind": 2, "updated": "2014-06-08T01:56:37.875Z", "standby_state": 0, "end_date": "2014-06-11", "created": "2014-06-08T01:56:37.864Z", "resv": 54, "dog": 0, "game": 1, "dog_comment": "", "standby_updated": "2000-01-01T08:00:00Z", "state": "Pending", "start_date": "2014-06-11"}, "model": "resv.resvsegment", "pk": 86}, {"fields": {"blind": 1, "updated": "2014-07-01T16:55:11.306Z", "standby_state": 0, "end_date": "2014-07-03", "created": "2014-07-01T16:49:05.851Z", "resv": 55, "dog": 0, "game": 1, "dog_comment": "", "standby_updated": "2000-01-01T08:00:00Z", "state": "Canceled", "start_date": "2014-07-02"}, "model": "resv.resvsegment", "pk": 87}, {"fields": {"blind": 3, "updated": "2014-07-01T16:55:13.848Z", "standby_state": 0, "end_date": "2014-07-05", "created": "2014-07-01T16:49:26.890Z", "resv": 55, "dog": 0, "game": 1, "dog_comment": "", "standby_updated": "2000-01-01T08:00:00Z", "state": "Canceled", "start_date": "2014-07-04"}, "model": "resv.resvsegment", "pk": 88}, {"fields": {"blind": 20, "updated": "2014-07-01T16:55:17.089Z", "standby_state": 0, "end_date": "2014-07-06", "created": "2014-07-01T16:50:04.022Z", "resv": 55, "dog": 0, "game": 1, "dog_comment": "", "standby_updated": "2000-01-01T08:00:00Z", "state": "Canceled", "start_date": "2014-07-06"}, "model": "resv.resvsegment", "pk": 89}, {"fields": {"blind": 1, "updated": "2014-07-01T16:55:39.689Z", "standby_state": 0, "end_date": "2014-07-02", "created": "2014-07-01T16:55:36.623Z", "resv": 56, "dog": 0, "game": 1, "dog_comment": "", "standby_updated": "2000-01-01T08:00:00Z", "state": "Confirmed", "start_date": "2014-07-01"}, "model": "resv.resvsegment", "pk": 90}, {"fields": {"blind": 1, "updated": "2014-07-01T17:06:09.916Z", "standby_state": 0, "end_date": "2014-07-05", "created": "2014-07-01T17:01:28.437Z", "resv": 57, "dog": 0, "game": 1, "dog_comment": "", "standby_updated": "2000-01-01T08:00:00Z", "state": "Pending", "start_date": "2014-07-01"}, "model": "resv.resvsegment", "pk": 91}, {"fields": {"blind": 14, "updated": "2014-09-15T03:58:00.226Z", "standby_state": 0, "end_date": "2014-07-01", "created": "2014-07-01T22:06:01.468Z", "resv": 58, "dog": 0, "game": 3, "dog_comment": "", "standby_updated": "2000-01-01T08:00:00Z", "state": "Canceled", "start_date": "2014-07-01"}, "model": "resv.resvsegment", "pk": 92}, {"fields": {"blind": 34, "updated": "2014-08-20T00:25:58.727Z", "standby_state": 0, "end_date": "2014-08-20", "created": "2014-08-20T00:25:58.713Z", "resv": 59, "dog": 0, "game": 3, "dog_comment": "", "standby_updated": "2000-01-01T08:00:00Z", "state": "Pending", "start_date": "2014-08-20"}, "model": "resv.resvsegment", "pk": 93}, {"fields": {"blind": 15, "updated": "2014-08-20T00:26:10.715Z", "standby_state": 0, "end_date": "2014-08-22", "created": "2014-08-20T00:26:10.696Z", "resv": 59, "dog": 0, "game": 1, "dog_comment": "", "standby_updated": "2000-01-01T08:00:00Z", "state": "Pending", "start_date": "2014-08-21"}, "model": "resv.resvsegment", "pk": 94}, {"fields": {"blind": 34, "updated": "2014-08-20T00:32:42.902Z", "standby_state": 0, "end_date": "2014-08-24", "created": "2014-08-20T00:26:30.018Z", "resv": 59, "dog": 0, "game": 3, "dog_comment": "", "standby_updated": "2000-01-01T08:00:00Z", "state": "Canceled", "start_date": "2014-08-23"}, "model": "resv.resvsegment", "pk": 95}, {"fields": {"blind": 5, "updated": "2014-08-20T00:56:57.739Z", "standby_state": 0, "end_date": "2014-08-22", "created": "2014-08-20T00:52:38.802Z", "resv": 60, "dog": 0, "game": 4, "dog_comment": "", "standby_updated": "2000-01-01T08:00:00Z", "state": "Canceled", "start_date": "2014-08-19"}, "model": "resv.resvsegment", "pk": 96}, {"fields": {"blind": 34, "updated": "2014-08-20T00:56:57.751Z", "standby_state": 0, "end_date": "2014-08-24", "created": "2014-08-20T00:52:58.115Z", "resv": 60, "dog": 0, "game": 3, "dog_comment": "", "standby_updated": "2000-01-01T08:00:00Z", "state": "Canceled", "start_date": "2014-08-23"}, "model": "resv.resvsegment", "pk": 97}, {"fields": {"blind": 1, "updated": "2014-09-15T03:54:22.579Z", "standby_state": 0, "end_date": "2014-08-22", "created": "2014-08-20T00:57:14.848Z", "resv": 61, "dog": 0, "game": 1, "dog_comment": "", "standby_updated": "2000-01-01T08:00:00Z", "state": "Canceled", "start_date": "2014-08-19"}, "model": "resv.resvsegment", "pk": 98}, {"fields": {"blind": 34, "updated": "2014-08-20T01:06:25.879Z", "standby_state": 0, "end_date": "2014-08-24", "created": "2014-08-20T00:57:35.469Z", "resv": 61, "dog": 0, "game": 3, "dog_comment": "", "standby_updated": "2000-01-01T08:00:00Z", "state": "Canceled", "start_date": "2014-08-23"}, "model": "resv.resvsegment", "pk": 99}, {"fields": {"blind": 1, "updated": "2014-09-15T03:54:25.170Z", "standby_state": 0, "end_date": "2014-08-25", "created": "2014-08-20T00:57:49.151Z", "resv": 61, "dog": 0, "game": 1, "dog_comment": "", "standby_updated": "2000-01-01T08:00:00Z", "state": "Canceled", "start_date": "2014-08-25"}, "model": "resv.resvsegment", "pk": 100}, {"fields": {"blind": 1, "updated": "2014-08-22T16:57:28.408Z", "standby_state": 0, "end_date": "2014-08-23", "created": "2014-08-22T16:57:28.405Z", "resv": 75, "dog": 0, "game": 1, "dog_comment": "", "standby_updated": "2000-01-01T08:00:00Z", "state": "pending", "start_date": "2014-08-23"}, "model": "resv.resvsegment", "pk": 102}, {"fields": {"blind": 1, "updated": "2014-08-22T17:01:01.813Z", "standby_state": 0, "end_date": "2014-08-23", "created": "2014-08-22T17:01:01.809Z", "resv": 76, "dog": 0, "game": 1, "dog_comment": "", "standby_updated": "2000-01-01T08:00:00Z", "state": "pending", "start_date": "2014-08-23"}, "model": "resv.resvsegment", "pk": 103}, {"fields": {"blind": 1, "updated": "2014-08-22T17:01:24.440Z", "standby_state": 0, "end_date": "2014-08-23", "created": "2014-08-22T17:01:24.438Z", "resv": 77, "dog": 0, "game": 1, "dog_comment": "", "standby_updated": "2000-01-01T08:00:00Z", "state": "pending", "start_date": "2014-08-23"}, "model": "resv.resvsegment", "pk": 104}, {"fields": {"blind": 1, "updated": "2014-08-22T17:01:43.444Z", "standby_state": 0, "end_date": "2014-08-23", "created": "2014-08-22T17:01:43.444Z", "resv": 78, "dog": 0, "game": 1, "dog_comment": "", "standby_updated": "2000-01-01T08:00:00Z", "state": "pending", "start_date": "2014-08-23"}, "model": "resv.resvsegment", "pk": 105}, {"fields": {"blind": 1, "updated": "2014-08-24T19:01:19.449Z", "standby_state": 0, "end_date": "2014-08-25", "created": "2014-08-24T19:01:19.449Z", "resv": 79, "dog": 0, "game": 1, "dog_comment": "", "standby_updated": "2000-01-01T08:00:00Z", "state": "pending", "start_date": "2014-08-25"}, "model": "resv.resvsegment", "pk": 106}, {"fields": {"blind": 1, "updated": "2014-08-24T21:10:07.953Z", "standby_state": 0, "end_date": "2014-08-24", "created": "2014-08-24T21:10:07.953Z", "resv": 80, "dog": 0, "game": 1, "dog_comment": "", "standby_updated": "2000-01-01T08:00:00Z", "state": "pending", "start_date": "2014-08-24"}, "model": "resv.resvsegment", "pk": 107}, {"fields": {"blind": 1, "updated": "2014-08-24T22:07:10.244Z", "standby_state": 0, "end_date": "2014-08-24", "created": "2014-08-24T22:07:10.244Z", "resv": 81, "dog": 0, "game": 1, "dog_comment": "", "standby_updated": "2000-01-01T08:00:00Z", "state": "pending", "start_date": "2014-08-24"}, "model": "resv.resvsegment", "pk": 108}, {"fields": {"blind": 1, "updated": "2014-08-24T22:10:43.133Z", "standby_state": 0, "end_date": "2014-08-24", "created": "2014-08-24T22:10:43.133Z", "resv": 82, "dog": 0, "game": 1, "dog_comment": "", "standby_updated": "2000-01-01T08:00:00Z", "state": "pending", "start_date": "2014-08-24"}, "model": "resv.resvsegment", "pk": 109}, {"fields": {"blind": 2, "updated": "2014-08-24T22:11:09.031Z", "standby_state": 0, "end_date": "2014-08-24", "created": "2014-08-24T22:11:09.031Z", "resv": 83, "dog": 0, "game": 1, "dog_comment": "", "standby_updated": "2000-01-01T08:00:00Z", "state": "pending", "start_date": "2014-08-24"}, "model": "resv.resvsegment", "pk": 110}, {"fields": {"blind": 2, "updated": "2014-08-24T22:11:21.416Z", "standby_state": 0, "end_date": "2014-08-24", "created": "2014-08-24T22:11:21.416Z", "resv": 84, "dog": 0, "game": 1, "dog_comment": "", "standby_updated": "2000-01-01T08:00:00Z", "state": "pending", "start_date": "2014-08-24"}, "model": "resv.resvsegment", "pk": 111}, {"fields": {"blind": 2, "updated": "2014-08-24T22:12:33.142Z", "standby_state": 0, "end_date": "2014-08-24", "created": "2014-08-24T22:12:33.142Z", "resv": 85, "dog": 0, "game": 1, "dog_comment": "", "standby_updated": "2000-01-01T08:00:00Z", "state": "pending", "start_date": "2014-08-24"}, "model": "resv.resvsegment", "pk": 112}, {"fields": {"blind": 2, "updated": "2014-08-24T22:12:47.438Z", "standby_state": 0, "end_date": "2014-08-24", "created": "2014-08-24T22:12:47.438Z", "resv": 86, "dog": 0, "game": 1, "dog_comment": "", "standby_updated": "2000-01-01T08:00:00Z", "state": "pending", "start_date": "2014-08-24"}, "model": "resv.resvsegment", "pk": 113}, {"fields": {"blind": 2, "updated": "2014-08-24T22:14:14.265Z", "standby_state": 0, "end_date": "2014-08-24", "created": "2014-08-24T22:14:14.265Z", "resv": 87, "dog": 0, "game": 1, "dog_comment": "", "standby_updated": "2000-01-01T08:00:00Z", "state": "pending", "start_date": "2014-08-24"}, "model": "resv.resvsegment", "pk": 114}, {"fields": {"blind": 2, "updated": "2014-08-24T22:15:11.501Z", "standby_state": 0, "end_date": "2014-08-24", "created": "2014-08-24T22:15:11.501Z", "resv": 88, "dog": 0, "game": 1, "dog_comment": "", "standby_updated": "2000-01-01T08:00:00Z", "state": "pending", "start_date": "2014-08-24"}, "model": "resv.resvsegment", "pk": 115}, {"fields": {"blind": 2, "updated": "2014-08-24T22:15:31.062Z", "standby_state": 0, "end_date": "2014-08-24", "created": "2014-08-24T22:15:31.062Z", "resv": 89, "dog": 0, "game": 1, "dog_comment": "", "standby_updated": "2000-01-01T08:00:00Z", "state": "pending", "start_date": "2014-08-24"}, "model": "resv.resvsegment", "pk": 116}, {"fields": {"blind": 2, "updated": "2014-08-25T03:00:42.521Z", "standby_state": 0, "end_date": "2014-08-25", "created": "2014-08-25T03:00:42.521Z", "resv": 90, "dog": 0, "game": 1, "dog_comment": "", "standby_updated": "2000-01-01T08:00:00Z", "state": "pending", "start_date": "2014-08-25"}, "model": "resv.resvsegment", "pk": 117}, {"fields": {"blind": 5, "updated": "2014-08-25T03:02:43.343Z", "standby_state": 0, "end_date": "2014-08-25", "created": "2014-08-25T03:02:43.343Z", "resv": 91, "dog": 0, "game": 1, "dog_comment": "", "standby_updated": "2000-01-01T08:00:00Z", "state": "pending", "start_date": "2014-08-25"}, "model": "resv.resvsegment", "pk": 118}, {"fields": {"blind": 1, "updated": "2014-08-25T03:04:44.867Z", "standby_state": 0, "end_date": "2014-08-26", "created": "2014-08-25T03:04:44.867Z", "resv": 92, "dog": 0, "game": 1, "dog_comment": "", "standby_updated": "2000-01-01T08:00:00Z", "state": "pending", "start_date": "2014-08-26"}, "model": "resv.resvsegment", "pk": 119}, {"fields": {"blind": 1, "updated": "2014-08-25T03:05:26.837Z", "standby_state": 0, "end_date": "2014-08-25", "created": "2014-08-25T03:05:26.837Z", "resv": 93, "dog": 0, "game": 1, "dog_comment": "", "standby_updated": "2000-01-01T08:00:00Z", "state": "pending", "start_date": "2014-08-25"}, "model": "resv.resvsegment", "pk": 120}, {"fields": {"blind": 9, "updated": "2014-08-25T03:06:04.932Z", "standby_state": 0, "end_date": "2014-08-25", "created": "2014-08-25T03:06:04.932Z", "resv": 94, "dog": 0, "game": 1, "dog_comment": "", "standby_updated": "2000-01-01T08:00:00Z", "state": "pending", "start_date": "2014-08-25"}, "model": "resv.resvsegment", "pk": 121}, {"fields": {"blind": 9, "updated": "2014-08-25T03:06:31.508Z", "standby_state": 0, "end_date": "2014-08-25", "created": "2014-08-25T03:06:31.508Z", "resv": 95, "dog": 0, "game": 1, "dog_comment": "", "standby_updated": "2000-01-01T08:00:00Z", "state": "pending", "start_date": "2014-08-25"}, "model": "resv.resvsegment", "pk": 122}, {"fields": {"blind": 9, "updated": "2014-08-25T03:07:09.597Z", "standby_state": 0, "end_date": "2014-08-24", "created": "2014-08-25T03:07:09.597Z", "resv": 96, "dog": 0, "game": 1, "dog_comment": "", "standby_updated": "2000-01-01T08:00:00Z", "state": "pending", "start_date": "2014-08-24"}, "model": "resv.resvsegment", "pk": 123}, {"fields": {"blind": 9, "updated": "2014-08-25T03:08:00.266Z", "standby_state": 0, "end_date": "2014-08-25", "created": "2014-08-25T03:08:00.266Z", "resv": 97, "dog": 0, "game": 1, "dog_comment": "", "standby_updated": "2000-01-01T08:00:00Z", "state": "pending", "start_date": "2014-08-25"}, "model": "resv.resvsegment", "pk": 124}, {"fields": {"blind": 9, "updated": "2014-08-25T03:09:25.505Z", "standby_state": 0, "end_date": "2014-08-25", "created": "2014-08-25T03:09:25.505Z", "resv": 98, "dog": 0, "game": 1, "dog_comment": "", "standby_updated": "2000-01-01T08:00:00Z", "state": "pending", "start_date": "2014-08-25"}, "model": "resv.resvsegment", "pk": 125}, {"fields": {"blind": 9, "updated": "2014-08-25T03:10:30.765Z", "standby_state": 0, "end_date": "2014-08-26", "created": "2014-08-25T03:10:30.765Z", "resv": 99, "dog": 0, "game": 1, "dog_comment": "", "standby_updated": "2000-01-01T08:00:00Z", "state": "pending", "start_date": "2014-08-26"}, "model": "resv.resvsegment", "pk": 126}, {"fields": {"blind": 1, "updated": "2014-08-25T03:10:43.527Z", "standby_state": 0, "end_date": "2014-08-26", "created": "2014-08-25T03:10:43.527Z", "resv": 100, "dog": 0, "game": 1, "dog_comment": "", "standby_updated": "2000-01-01T08:00:00Z", "state": "pending", "start_date": "2014-08-26"}, "model": "resv.resvsegment", "pk": 127}, {"fields": {"blind": 1, "updated": "2014-08-25T03:39:43.833Z", "standby_state": 0, "end_date": "2014-08-26", "created": "2014-08-25T03:39:43.833Z", "resv": 101, "dog": 0, "game": 1, "dog_comment": "", "standby_updated": "2000-01-01T08:00:00Z", "state": "pending", "start_date": "2014-08-26"}, "model": "resv.resvsegment", "pk": 128}, {"fields": {"blind": 9, "updated": "2014-08-25T03:40:20.331Z", "standby_state": 0, "end_date": "2014-08-25", "created": "2014-08-25T03:40:20.331Z", "resv": 102, "dog": 0, "game": 1, "dog_comment": "", "standby_updated": "2000-01-01T08:00:00Z", "state": "pending", "start_date": "2014-08-25"}, "model": "resv.resvsegment", "pk": 129}, {"fields": {"blind": 9, "updated": "2014-08-25T03:41:54.254Z", "standby_state": 0, "end_date": "2014-08-25", "created": "2014-08-25T03:41:54.188Z", "resv": 103, "dog": 0, "game": 3, "dog_comment": "", "standby_updated": "2000-01-01T08:00:00Z", "state": "pending", "start_date": "2014-08-25"}, "model": "resv.resvsegment", "pk": 130}, {"fields": {"blind": 9, "updated": "2014-08-25T03:44:38.122Z", "standby_state": 0, "end_date": "2014-08-25", "created": "2014-08-25T03:44:38.054Z", "resv": 104, "dog": 0, "game": 3, "dog_comment": "", "standby_updated": "2000-01-01T08:00:00Z", "state": "pending", "start_date": "2014-08-25"}, "model": "resv.resvsegment", "pk": 131}, {"fields": {"blind": 9, "updated": "2014-08-25T03:45:37.364Z", "standby_state": 0, "end_date": "2014-08-25", "created": "2014-08-25T03:45:37.289Z", "resv": 105, "dog": 0, "game": 3, "dog_comment": "", "standby_updated": "2000-01-01T08:00:00Z", "state": "pending", "start_date": "2014-08-25"}, "model": "resv.resvsegment", "pk": 132}, {"fields": {"blind": 9, "updated": "2014-08-25T03:46:15.559Z", "standby_state": 0, "end_date": "2014-08-25", "created": "2014-08-25T03:46:15.484Z", "resv": 106, "dog": 0, "game": 3, "dog_comment": "", "standby_updated": "2000-01-01T08:00:00Z", "state": "pending", "start_date": "2014-08-25"}, "model": "resv.resvsegment", "pk": 133}, {"fields": {"blind": 9, "updated": "2014-08-25T03:47:01.817Z", "standby_state": 0, "end_date": "2014-08-25", "created": "2014-08-25T03:47:01.750Z", "resv": 107, "dog": 0, "game": 3, "dog_comment": "", "standby_updated": "2000-01-01T08:00:00Z", "state": "pending", "start_date": "2014-08-25"}, "model": "resv.resvsegment", "pk": 134}, {"fields": {"blind": 9, "updated": "2014-08-25T03:49:16.648Z", "standby_state": 0, "end_date": "2014-08-25", "created": "2014-08-25T03:49:16.593Z", "resv": 108, "dog": 0, "game": 3, "dog_comment": "", "standby_updated": "2000-01-01T08:00:00Z", "state": "pending", "start_date": "2014-08-25"}, "model": "resv.resvsegment", "pk": 135}, {"fields": {"blind": 9, "updated": "2014-08-25T04:52:55.379Z", "standby_state": 0, "end_date": "2014-08-25", "created": "2014-08-25T04:52:55.306Z", "resv": 109, "dog": 0, "game": 3, "dog_comment": "", "standby_updated": "2000-01-01T08:00:00Z", "state": "pending", "start_date": "2014-08-25"}, "model": "resv.resvsegment", "pk": 136}, {"fields": {"blind": 9, "updated": "2014-08-25T04:56:32.538Z", "standby_state": 0, "end_date": "2014-08-25", "created": "2014-08-25T04:56:32.467Z", "resv": 110, "dog": 0, "game": 3, "dog_comment": "", "standby_updated": "2000-01-01T08:00:00Z", "state": "pending", "start_date": "2014-08-25"}, "model": "resv.resvsegment", "pk": 137}, {"fields": {"blind": 9, "updated": "2014-08-25T04:57:00.469Z", "standby_state": 0, "end_date": "2014-08-24", "created": "2014-08-25T04:57:00.398Z", "resv": 111, "dog": 0, "game": 3, "dog_comment": "", "standby_updated": "2000-01-01T08:00:00Z", "state": "pending", "start_date": "2014-08-24"}, "model": "resv.resvsegment", "pk": 138}, {"fields": {"blind": 1, "updated": "2014-08-26T04:15:24.586Z", "standby_state": 0, "end_date": "2014-08-26", "created": "2014-08-26T04:15:24.586Z", "resv": 112, "dog": 0, "game": 1, "dog_comment": "", "standby_updated": "2000-01-01T08:00:00Z", "state": "pending", "start_date": "2014-08-26"}, "model": "resv.resvsegment", "pk": 139}, {"fields": {"blind": 1, "updated": "2014-08-26T04:21:37.834Z", "standby_state": 0, "end_date": "2014-08-25", "created": "2014-08-26T04:21:37.834Z", "resv": 113, "dog": 0, "game": 1, "dog_comment": "", "standby_updated": "2000-01-01T08:00:00Z", "state": "pending", "start_date": "2014-08-25"}, "model": "resv.resvsegment", "pk": 140}, {"fields": {"blind": 1, "updated": "2014-08-26T04:22:06.331Z", "standby_state": 0, "end_date": "2014-08-26", "created": "2014-08-26T04:22:06.331Z", "resv": 114, "dog": 0, "game": 1, "dog_comment": "", "standby_updated": "2000-01-01T08:00:00Z", "state": "pending", "start_date": "2014-08-26"}, "model": "resv.resvsegment", "pk": 141}, {"fields": {"blind": 1, "updated": "2014-08-26T04:23:03.029Z", "standby_state": 0, "end_date": "2014-08-25", "created": "2014-08-26T04:23:03.029Z", "resv": 115, "dog": 0, "game": 1, "dog_comment": "", "standby_updated": "2000-01-01T08:00:00Z", "state": "pending", "start_date": "2014-08-25"}, "model": "resv.resvsegment", "pk": 142}, {"fields": {"blind": 1, "updated": "2014-08-26T04:23:29.463Z", "standby_state": 0, "end_date": "2014-08-25", "created": "2014-08-26T04:23:29.463Z", "resv": 116, "dog": 0, "game": 1, "dog_comment": "", "standby_updated": "2000-01-01T08:00:00Z", "state": "pending", "start_date": "2014-08-25"}, "model": "resv.resvsegment", "pk": 143}, {"fields": {"blind": 1, "updated": "2014-08-26T04:26:09.577Z", "standby_state": 0, "end_date": "2014-08-25", "created": "2014-08-26T04:26:09.577Z", "resv": 117, "dog": 0, "game": 1, "dog_comment": "", "standby_updated": "2000-01-01T08:00:00Z", "state": "pending", "start_date": "2014-08-25"}, "model": "resv.resvsegment", "pk": 144}, {"fields": {"blind": 1, "updated": "2014-08-26T04:27:42.441Z", "standby_state": 0, "end_date": "2014-08-25", "created": "2014-08-26T04:27:42.441Z", "resv": 118, "dog": 0, "game": 1, "dog_comment": "", "standby_updated": "2000-01-01T08:00:00Z", "state": "pending", "start_date": "2014-08-25"}, "model": "resv.resvsegment", "pk": 145}, {"fields": {"blind": 1, "updated": "2014-08-26T04:28:06.430Z", "standby_state": 0, "end_date": "2014-08-26", "created": "2014-08-26T04:28:04.151Z", "resv": 119, "dog": 0, "game": 1, "dog_comment": "", "standby_updated": "2000-01-01T08:00:00Z", "state": "pending", "start_date": "2014-08-26"}, "model": "resv.resvsegment", "pk": 146}, {"fields": {"blind": 1, "updated": "2014-08-26T05:03:20.029Z", "standby_state": 0, "end_date": "2014-08-25", "created": "2014-08-26T05:03:18.112Z", "resv": 120, "dog": 0, "game": 1, "dog_comment": "", "standby_updated": "2000-01-01T08:00:00Z", "state": "pending", "start_date": "2014-08-25"}, "model": "resv.resvsegment", "pk": 147}, {"fields": {"blind": 1, "updated": "2014-08-26T05:05:23.020Z", "standby_state": 0, "end_date": "2014-08-25", "created": "2014-08-26T05:05:20.995Z", "resv": 121, "dog": 0, "game": 1, "dog_comment": "", "standby_updated": "2000-01-01T08:00:00Z", "state": "pending", "start_date": "2014-08-25"}, "model": "resv.resvsegment", "pk": 148}, {"fields": {"blind": 1, "updated": "2014-08-26T05:05:48.047Z", "standby_state": 0, "end_date": "2014-08-25", "created": "2014-08-26T05:05:46.325Z", "resv": 122, "dog": 0, "game": 1, "dog_comment": "", "standby_updated": "2000-01-01T08:00:00Z", "state": "pending", "start_date": "2014-08-25"}, "model": "resv.resvsegment", "pk": 149}, {"fields": {"blind": 1, "updated": "2014-08-26T05:07:48.573Z", "standby_state": 0, "end_date": "2014-08-25", "created": "2014-08-26T05:07:46.242Z", "resv": 123, "dog": 0, "game": 1, "dog_comment": "", "standby_updated": "2000-01-01T08:00:00Z", "state": "pending", "start_date": "2014-08-25"}, "model": "resv.resvsegment", "pk": 150}, {"fields": {"blind": 1, "updated": "2014-08-26T05:11:01.622Z", "standby_state": 0, "end_date": "2014-08-25", "created": "2014-08-26T05:10:59.821Z", "resv": 124, "dog": 0, "game": 1, "dog_comment": "", "standby_updated": "2000-01-01T08:00:00Z", "state": "pending", "start_date": "2014-08-25"}, "model": "resv.resvsegment", "pk": 151}, {"fields": {"blind": 1, "updated": "2014-08-26T05:11:49.530Z", "standby_state": 0, "end_date": "2014-08-25", "created": "2014-08-26T05:11:47.855Z", "resv": 125, "dog": 0, "game": 1, "dog_comment": "", "standby_updated": "2000-01-01T08:00:00Z", "state": "pending", "start_date": "2014-08-25"}, "model": "resv.resvsegment", "pk": 152}, {"fields": {"blind": 1, "updated": "2014-08-26T05:13:40.531Z", "standby_state": 0, "end_date": "2014-08-25", "created": "2014-08-26T05:13:39.250Z", "resv": 126, "dog": 0, "game": 1, "dog_comment": "", "standby_updated": "2000-01-01T08:00:00Z", "state": "pending", "start_date": "2014-08-25"}, "model": "resv.resvsegment", "pk": 153}, {"fields": {"blind": 1, "updated": "2014-08-26T05:15:57.065Z", "standby_state": 0, "end_date": "2014-08-25", "created": "2014-08-26T05:15:55.602Z", "resv": 127, "dog": 0, "game": 1, "dog_comment": "", "standby_updated": "2000-01-01T08:00:00Z", "state": "pending", "start_date": "2014-08-25"}, "model": "resv.resvsegment", "pk": 154}, {"fields": {"blind": 1, "updated": "2014-08-26T05:17:50.956Z", "standby_state": 0, "end_date": "2014-08-26", "created": "2014-08-26T05:17:47.004Z", "resv": 128, "dog": 0, "game": 1, "dog_comment": "", "standby_updated": "2000-01-01T08:00:00Z", "state": "pending", "start_date": "2014-08-26"}, "model": "resv.resvsegment", "pk": 155}, {"fields": {"blind": 1, "updated": "2014-08-26T05:18:36.597Z", "standby_state": 0, "end_date": "2014-08-26", "created": "2014-08-26T05:18:35.298Z", "resv": 129, "dog": 0, "game": 1, "dog_comment": "", "standby_updated": "2000-01-01T08:00:00Z", "state": "pending", "start_date": "2014-08-26"}, "model": "resv.resvsegment", "pk": 156}, {"fields": {"blind": 1, "updated": "2014-08-26T05:19:49.097Z", "standby_state": 0, "end_date": "2014-08-26", "created": "2014-08-26T05:19:47.764Z", "resv": 130, "dog": 0, "game": 1, "dog_comment": "", "standby_updated": "2000-01-01T08:00:00Z", "state": "pending", "start_date": "2014-08-26"}, "model": "resv.resvsegment", "pk": 157}, {"fields": {"blind": 1, "updated": "2014-08-26T05:21:23.411Z", "standby_state": 0, "end_date": "2014-08-26", "created": "2014-08-26T05:21:21.959Z", "resv": 131, "dog": 0, "game": 1, "dog_comment": "", "standby_updated": "2000-01-01T08:00:00Z", "state": "pending", "start_date": "2014-08-26"}, "model": "resv.resvsegment", "pk": 158}, {"fields": {"blind": 1, "updated": "2014-08-26T05:24:18.876Z", "standby_state": 0, "end_date": "2014-08-26", "created": "2014-08-26T05:24:17.633Z", "resv": 132, "dog": 0, "game": 1, "dog_comment": "", "standby_updated": "2000-01-01T08:00:00Z", "state": "pending", "start_date": "2014-08-26"}, "model": "resv.resvsegment", "pk": 159}, {"fields": {"blind": 1, "updated": "2014-08-26T05:25:45.536Z", "standby_state": 0, "end_date": "2014-08-26", "created": "2014-08-26T05:25:44.248Z", "resv": 133, "dog": 0, "game": 1, "dog_comment": "", "standby_updated": "2000-01-01T08:00:00Z", "state": "pending", "start_date": "2014-08-26"}, "model": "resv.resvsegment", "pk": 160}, {"fields": {"blind": 1, "updated": "2014-08-26T05:28:01.670Z", "standby_state": 0, "end_date": "2014-08-26", "created": "2014-08-26T05:27:56.344Z", "resv": 134, "dog": 0, "game": 1, "dog_comment": "", "standby_updated": "2000-01-01T08:00:00Z", "state": "pending", "start_date": "2014-08-26"}, "model": "resv.resvsegment", "pk": 161}, {"fields": {"blind": 1, "updated": "2014-08-26T05:30:21.028Z", "standby_state": 0, "end_date": "2014-08-26", "created": "2014-08-26T05:30:21.028Z", "resv": 135, "dog": 0, "game": 1, "dog_comment": "", "standby_updated": "2000-01-01T08:00:00Z", "state": "pending", "start_date": "2014-08-26"}, "model": "resv.resvsegment", "pk": 162}, {"fields": {"blind": 1, "updated": "2014-08-26T05:35:38.048Z", "standby_state": 0, "end_date": "2014-08-26", "created": "2014-08-26T05:35:32.971Z", "resv": 136, "dog": 0, "game": 1, "dog_comment": "", "standby_updated": "2000-01-01T08:00:00Z", "state": "pending", "start_date": "2014-08-26"}, "model": "resv.resvsegment", "pk": 163}, {"fields": {"blind": 1, "updated": "2014-08-26T05:37:37.657Z", "standby_state": 0, "end_date": "2014-08-26", "created": "2014-08-26T05:37:36.431Z", "resv": 137, "dog": 0, "game": 1, "dog_comment": "", "standby_updated": "2000-01-01T08:00:00Z", "state": "pending", "start_date": "2014-08-26"}, "model": "resv.resvsegment", "pk": 164}, {"fields": {"blind": 1, "updated": "2014-08-26T05:39:00.079Z", "standby_state": 0, "end_date": "2014-08-26", "created": "2014-08-26T05:38:58.785Z", "resv": 138, "dog": 0, "game": 1, "dog_comment": "", "standby_updated": "2000-01-01T08:00:00Z", "state": "pending", "start_date": "2014-08-26"}, "model": "resv.resvsegment", "pk": 165}, {"fields": {"blind": 1, "updated": "2014-08-26T05:41:11.958Z", "standby_state": 0, "end_date": "2014-08-26", "created": "2014-08-26T05:41:10.110Z", "resv": 139, "dog": 0, "game": 1, "dog_comment": "", "standby_updated": "2000-01-01T08:00:00Z", "state": "pending", "start_date": "2014-08-26"}, "model": "resv.resvsegment", "pk": 166}, {"fields": {"blind": 1, "updated": "2014-08-26T05:44:24.500Z", "standby_state": 0, "end_date": "2014-08-26", "created": "2014-08-26T05:44:23.028Z", "resv": 140, "dog": 0, "game": 1, "dog_comment": "", "standby_updated": "2000-01-01T08:00:00Z", "state": "pending", "start_date": "2014-08-26"}, "model": "resv.resvsegment", "pk": 167}, {"fields": {"blind": 1, "updated": "2014-08-26T05:47:27.413Z", "standby_state": 0, "end_date": "2014-08-26", "created": "2014-08-26T05:47:25.749Z", "resv": 141, "dog": 0, "game": 1, "dog_comment": "", "standby_updated": "2000-01-01T08:00:00Z", "state": "pending", "start_date": "2014-08-26"}, "model": "resv.resvsegment", "pk": 168}, {"fields": {"blind": 1, "updated": "2014-08-26T05:48:30.167Z", "standby_state": 0, "end_date": "2014-08-26", "created": "2014-08-26T05:48:28.738Z", "resv": 142, "dog": 0, "game": 1, "dog_comment": "", "standby_updated": "2000-01-01T08:00:00Z", "state": "pending", "start_date": "2014-08-26"}, "model": "resv.resvsegment", "pk": 169}, {"fields": {"blind": 1, "updated": "2014-08-26T05:49:50.518Z", "standby_state": 0, "end_date": "2014-08-26", "created": "2014-08-26T05:49:49.349Z", "resv": 143, "dog": 0, "game": 1, "dog_comment": "", "standby_updated": "2000-01-01T08:00:00Z", "state": "pending", "start_date": "2014-08-26"}, "model": "resv.resvsegment", "pk": 170}, {"fields": {"blind": 1, "updated": "2014-08-26T05:51:54.407Z", "standby_state": 0, "end_date": "2014-08-26", "created": "2014-08-26T05:51:52.968Z", "resv": 144, "dog": 0, "game": 1, "dog_comment": "", "standby_updated": "2000-01-01T08:00:00Z", "state": "pending", "start_date": "2014-08-26"}, "model": "resv.resvsegment", "pk": 171}, {"fields": {"blind": 1, "updated": "2014-08-26T05:52:48.513Z", "standby_state": 0, "end_date": "2014-08-25", "created": "2014-08-26T05:52:47.303Z", "resv": 145, "dog": 0, "game": 1, "dog_comment": "", "standby_updated": "2000-01-01T08:00:00Z", "state": "pending", "start_date": "2014-08-25"}, "model": "resv.resvsegment", "pk": 172}, {"fields": {"blind": 1, "updated": "2014-08-26T05:53:43.883Z", "standby_state": 0, "end_date": "2014-08-25", "created": "2014-08-26T05:53:42.650Z", "resv": 146, "dog": 0, "game": 1, "dog_comment": "", "standby_updated": "2000-01-01T08:00:00Z", "state": "pending", "start_date": "2014-08-25"}, "model": "resv.resvsegment", "pk": 173}, {"fields": {"blind": 1, "updated": "2014-08-26T05:57:30.475Z", "standby_state": 0, "end_date": "2014-08-26", "created": "2014-08-26T05:57:28.968Z", "resv": 147, "dog": 0, "game": 1, "dog_comment": "", "standby_updated": "2000-01-01T08:00:00Z", "state": "pending", "start_date": "2014-08-26"}, "model": "resv.resvsegment", "pk": 174}, {"fields": {"blind": 1, "updated": "2014-08-26T11:43:57.150Z", "standby_state": 0, "end_date": "2014-08-26", "created": "2014-08-26T11:43:55.361Z", "resv": 148, "dog": 0, "game": 1, "dog_comment": "", "standby_updated": "2000-01-01T08:00:00Z", "state": "pending", "start_date": "2014-08-26"}, "model": "resv.resvsegment", "pk": 175}, {"fields": {"blind": 1, "updated": "2014-08-26T11:46:54.419Z", "standby_state": 0, "end_date": "2014-08-26", "created": "2014-08-26T11:46:52.632Z", "resv": 149, "dog": 0, "game": 1, "dog_comment": "", "standby_updated": "2000-01-01T08:00:00Z", "state": "pending", "start_date": "2014-08-26"}, "model": "resv.resvsegment", "pk": 176}, {"fields": {"blind": 1, "updated": "2014-08-26T11:53:41.765Z", "standby_state": 0, "end_date": "2014-08-26", "created": "2014-08-26T11:53:39.660Z", "resv": 150, "dog": 0, "game": 1, "dog_comment": "", "standby_updated": "2000-01-01T08:00:00Z", "state": "pending", "start_date": "2014-08-26"}, "model": "resv.resvsegment", "pk": 177}, {"fields": {"blind": 1, "updated": "2014-08-26T12:03:21.937Z", "standby_state": 0, "end_date": "2014-08-28", "created": "2014-08-26T11:57:10.005Z", "resv": 151, "dog": 1, "game": 1, "dog_comment": "1", "standby_updated": "2000-01-01T08:00:00Z", "state": "pending", "start_date": "2014-08-27"}, "model": "resv.resvsegment", "pk": 178}, {"fields": {"blind": 1, "updated": "2014-08-26T12:09:17.338Z", "standby_state": 0, "end_date": "2014-08-28", "created": "2014-08-26T12:08:44.400Z", "resv": 152, "dog": 1, "game": 1, "dog_comment": "1", "standby_updated": "2000-01-01T08:00:00Z", "state": "pending", "start_date": "2014-08-28"}, "model": "resv.resvsegment", "pk": 179}, {"fields": {"blind": 1, "updated": "2014-08-26T12:10:22.417Z", "standby_state": 0, "end_date": "2014-08-29", "created": "2014-08-26T12:09:54.032Z", "resv": 153, "dog": 1, "game": 1, "dog_comment": "1", "standby_updated": "2000-01-01T08:00:00Z", "state": "pending", "start_date": "2014-08-28"}, "model": "resv.resvsegment", "pk": 180}, {"fields": {"blind": 1, "updated": "2014-08-26T12:13:47.953Z", "standby_state": 0, "end_date": "2014-08-30", "created": "2014-08-26T12:13:21.280Z", "resv": 154, "dog": 0, "game": 1, "dog_comment": "0", "standby_updated": "2000-01-01T08:00:00Z", "state": "pending", "start_date": "2014-08-29"}, "model": "resv.resvsegment", "pk": 181}, {"fields": {"blind": 1, "updated": "2014-08-26T12:16:39.369Z", "standby_state": 0, "end_date": "2014-08-29", "created": "2014-08-26T12:16:09.709Z", "resv": 155, "dog": 0, "game": 1, "dog_comment": "0", "standby_updated": "2000-01-01T08:00:00Z", "state": "pending", "start_date": "2014-08-28"}, "model": "resv.resvsegment", "pk": 182}, {"fields": {"blind": 1, "updated": "2014-08-26T12:18:50.378Z", "standby_state": 0, "end_date": "2014-08-27", "created": "2014-08-26T12:18:49.070Z", "resv": 156, "dog": 0, "game": 1, "dog_comment": "", "standby_updated": "2000-01-01T08:00:00Z", "state": "pending", "start_date": "2014-08-27"}, "model": "resv.resvsegment", "pk": 183}, {"fields": {"blind": 1, "updated": "2014-08-26T12:31:00.715Z", "standby_state": 0, "end_date": "2014-08-26", "created": "2014-08-26T12:30:30.630Z", "resv": 157, "dog": 1, "game": 1, "dog_comment": "1", "standby_updated": "2000-01-01T08:00:00Z", "state": "pending", "start_date": "2014-08-25"}, "model": "resv.resvsegment", "pk": 184}, {"fields": {"blind": 1, "updated": "2014-08-26T12:40:20.439Z", "standby_state": 0, "end_date": "2014-08-27", "created": "2014-08-26T12:34:52.670Z", "resv": 158, "dog": 1, "game": 1, "dog_comment": "1", "standby_updated": "2000-01-01T08:00:00Z", "state": "Canceled", "start_date": "2014-08-25"}, "model": "resv.resvsegment", "pk": 185}, {"fields": {"blind": 1, "updated": "2014-08-26T12:40:15.387Z", "standby_state": 0, "end_date": "2014-08-30", "created": "2014-08-26T12:37:56.003Z", "resv": 159, "dog": 0, "game": 1, "dog_comment": "0", "standby_updated": "2000-01-01T08:00:00Z", "state": "Canceled", "start_date": "2014-08-30"}, "model": "resv.resvsegment", "pk": 186}, {"fields": {"blind": 1, "updated": "2014-09-15T03:55:26.850Z", "standby_state": 0, "end_date": "2014-08-28", "created": "2014-08-26T12:40:31.449Z", "resv": 160, "dog": 1, "game": 1, "dog_comment": "1", "standby_updated": "2000-01-01T08:00:00Z", "state": "Canceled", "start_date": "2014-08-28"}, "model": "resv.resvsegment", "pk": 187}, {"fields": {"blind": 1, "updated": "2014-08-26T12:42:33.605Z", "standby_state": 0, "end_date": "2014-08-29", "created": "2014-08-26T12:42:31.870Z", "resv": 161, "dog": 0, "game": 1, "dog_comment": "", "standby_updated": "2000-01-01T08:00:00Z", "state": "Pending", "start_date": "2014-08-29"}, "model": "resv.resvsegment", "pk": 188}, {"fields": {"blind": 1, "updated": "2014-08-26T12:45:48.546Z", "standby_state": 0, "end_date": "2014-08-29", "created": "2014-08-26T12:45:46.879Z", "resv": 162, "dog": 0, "game": 1, "dog_comment": "", "standby_updated": "2000-01-01T08:00:00Z", "state": "Pending", "start_date": "2014-08-29"}, "model": "resv.resvsegment", "pk": 189}, {"fields": {"blind": 1, "updated": "2014-08-26T12:46:36.098Z", "standby_state": 0, "end_date": "2014-08-28", "created": "2014-08-26T12:46:34.931Z", "resv": 163, "dog": 0, "game": 1, "dog_comment": "", "standby_updated": "2000-01-01T08:00:00Z", "state": "Pending", "start_date": "2014-08-28"}, "model": "resv.resvsegment", "pk": 190}, {"fields": {"blind": 9, "updated": "2014-08-26T12:47:43.246Z", "standby_state": 0, "end_date": "2014-08-27", "created": "2014-08-26T12:47:43.166Z", "resv": 164, "dog": 0, "game": 3, "dog_comment": "", "standby_updated": "2000-01-01T08:00:00Z", "state": "Pending", "start_date": "2014-08-27"}, "model": "resv.resvsegment", "pk": 191}, {"fields": {"blind": 9, "updated": "2014-08-26T12:48:16.571Z", "standby_state": 0, "end_date": "2014-08-28", "created": "2014-08-26T12:48:16.488Z", "resv": 165, "dog": 0, "game": 3, "dog_comment": "", "standby_updated": "2000-01-01T08:00:00Z", "state": "Pending", "start_date": "2014-08-28"}, "model": "resv.resvsegment", "pk": 192}, {"fields": {"blind": 11, "updated": "2014-08-26T12:50:07.366Z", "standby_state": 0, "end_date": "2014-08-28", "created": "2014-08-26T12:50:07.283Z", "resv": 166, "dog": 0, "game": 3, "dog_comment": "", "standby_updated": "2000-01-01T08:00:00Z", "state": "Pending", "start_date": "2014-08-28"}, "model": "resv.resvsegment", "pk": 193}, {"fields": {"blind": 12, "updated": "2014-08-26T12:50:36.347Z", "standby_state": 0, "end_date": "2014-08-27", "created": "2014-08-26T12:50:36.260Z", "resv": 167, "dog": 0, "game": 3, "dog_comment": "", "standby_updated": "2000-01-01T08:00:00Z", "state": "Pending", "start_date": "2014-08-27"}, "model": "resv.resvsegment", "pk": 194}, {"fields": {"blind": 11, "updated": "2014-08-26T12:51:18.302Z", "standby_state": 0, "end_date": "2014-08-26", "created": "2014-08-26T12:51:18.227Z", "resv": 168, "dog": 0, "game": 3, "dog_comment": "", "standby_updated": "2000-01-01T08:00:00Z", "state": "Pending", "start_date": "2014-08-26"}, "model": "resv.resvsegment", "pk": 195}, {"fields": {"blind": 11, "updated": "2014-08-26T12:51:45.508Z", "standby_state": 0, "end_date": "2014-08-26", "created": "2014-08-26T12:51:45.429Z", "resv": 169, "dog": 0, "game": 3, "dog_comment": "", "standby_updated": "2000-01-01T08:00:00Z", "state": "Pending", "start_date": "2014-08-26"}, "model": "resv.resvsegment", "pk": 196}, {"fields": {"blind": 12, "updated": "2014-08-26T12:52:02.300Z", "standby_state": 0, "end_date": "2014-08-27", "created": "2014-08-26T12:52:02.218Z", "resv": 170, "dog": 0, "game": 3, "dog_comment": "", "standby_updated": "2000-01-01T08:00:00Z", "state": "Pending", "start_date": "2014-08-27"}, "model": "resv.resvsegment", "pk": 197}, {"fields": {"blind": 9, "updated": "2014-08-26T12:52:18.548Z", "standby_state": 0, "end_date": "2014-08-27", "created": "2014-08-26T12:52:18.462Z", "resv": 171, "dog": 0, "game": 3, "dog_comment": "", "standby_updated": "2000-01-01T08:00:00Z", "state": "Pending", "start_date": "2014-08-27"}, "model": "resv.resvsegment", "pk": 198}, {"fields": {"blind": 1, "updated": "2014-08-26T12:57:43.637Z", "standby_state": 0, "end_date": "2014-08-27", "created": "2014-08-26T12:57:43.637Z", "resv": 172, "dog": 0, "game": 1, "dog_comment": "", "standby_updated": "2000-01-01T08:00:00Z", "state": "Pending", "start_date": "2014-08-27"}, "model": "resv.resvsegment", "pk": 199}, {"fields": {"blind": 14, "updated": "2014-08-26T12:57:52.657Z", "standby_state": 0, "end_date": "2014-08-28", "created": "2014-08-26T12:57:48.215Z", "resv": 173, "dog": 0, "game": 3, "dog_comment": "", "standby_updated": "2000-01-01T08:00:00Z", "state": "Canceled", "start_date": "2014-08-28"}, "model": "resv.resvsegment", "pk": 200}, {"fields": {"blind": 1, "updated": "2014-08-27T00:47:50.495Z", "standby_state": 0, "end_date": "2014-08-29", "created": "2014-08-27T00:47:38.975Z", "resv": 174, "dog": 0, "game": 1, "dog_comment": "", "standby_updated": "2000-01-01T08:00:00Z", "state": "Canceled", "start_date": "2014-08-29"}, "model": "resv.resvsegment", "pk": 201}, {"fields": {"blind": 1, "updated": "2014-08-27T00:48:40.723Z", "standby_state": 0, "end_date": "2014-08-27", "created": "2014-08-27T00:48:28.192Z", "resv": 175, "dog": 0, "game": 1, "dog_comment": "", "standby_updated": "2000-01-01T08:00:00Z", "state": "Canceled", "start_date": "2014-08-27"}, "model": "resv.resvsegment", "pk": 202}, {"fields": {"blind": 1, "updated": "2014-08-27T00:48:54.138Z", "standby_state": 0, "end_date": "2014-08-29", "created": "2014-08-27T00:48:43.575Z", "resv": 176, "dog": 0, "game": 1, "dog_comment": "0", "standby_updated": "2000-01-01T08:00:00Z", "state": "Pending", "start_date": "2014-08-29"}, "model": "resv.resvsegment", "pk": 203}, {"fields": {"blind": 6, "updated": "2014-08-30T16:27:46.118Z", "standby_state": 0, "end_date": "2014-09-01", "created": "2014-08-30T16:27:05.150Z", "resv": 177, "dog": 0, "game": 4, "dog_comment": "", "standby_updated": "2000-01-01T08:00:00Z", "state": "Canceled", "start_date": "2014-09-01"}, "model": "resv.resvsegment", "pk": 204}, {"fields": {"blind": 6, "updated": "2014-08-30T16:28:17.202Z", "standby_state": 0, "end_date": "2014-09-01", "created": "2014-08-30T16:27:59.267Z", "resv": 178, "dog": 0, "game": 4, "dog_comment": "", "standby_updated": "2000-01-01T08:00:00Z", "state": "Canceled", "start_date": "2014-09-01"}, "model": "resv.resvsegment", "pk": 205}, {"fields": {"blind": 1, "updated": "2014-08-30T16:30:43.536Z", "standby_state": 0, "end_date": "2014-08-31", "created": "2014-08-30T16:28:50.422Z", "resv": 179, "dog": 0, "game": 1, "dog_comment": "", "standby_updated": "2000-01-01T08:00:00Z", "state": "Canceled", "start_date": "2014-08-31"}, "model": "resv.resvsegment", "pk": 206}, {"fields": {"blind": 1, "updated": "2014-08-30T16:31:00.465Z", "standby_state": 0, "end_date": "2014-09-01", "created": "2014-08-30T16:30:53.671Z", "resv": 180, "dog": 0, "game": 1, "dog_comment": "", "standby_updated": "2000-01-01T08:00:00Z", "state": "Canceled", "start_date": "2014-09-01"}, "model": "resv.resvsegment", "pk": 207}, {"fields": {"blind": 1, "updated": "2014-08-30T16:32:45.534Z", "standby_state": 0, "end_date": "2014-09-01", "created": "2014-08-30T16:32:41.159Z", "resv": 181, "dog": 0, "game": 1, "dog_comment": "", "standby_updated": "2000-01-01T08:00:00Z", "state": "Pending", "start_date": "2014-09-01"}, "model": "resv.resvsegment", "pk": 208}, {"fields": {"blind": 9, "updated": "2014-08-30T16:33:14.058Z", "standby_state": 0, "end_date": "2014-09-01", "created": "2014-08-30T16:33:14.001Z", "resv": 182, "dog": 0, "game": 3, "dog_comment": "", "standby_updated": "2000-01-01T08:00:00Z", "state": "Pending", "start_date": "2014-09-01"}, "model": "resv.resvsegment", "pk": 209}, {"fields": {"blind": 1, "updated": "2014-08-30T16:40:07.573Z", "standby_state": 0, "end_date": "2014-09-01", "created": "2014-08-30T16:37:44.124Z", "resv": 183, "dog": 0, "game": 1, "dog_comment": "0", "standby_updated": "2000-01-01T08:00:00Z", "state": "Canceled", "start_date": "2014-09-01"}, "model": "resv.resvsegment", "pk": 210}, {"fields": {"blind": 1, "updated": "2014-08-30T16:39:56.060Z", "standby_state": 0, "end_date": "2014-09-01", "created": "2014-08-30T16:39:56.060Z", "resv": 184, "dog": 0, "game": 1, "dog_comment": "", "standby_updated": "2000-01-01T08:00:00Z", "state": "Pending", "start_date": "2014-09-01"}, "model": "resv.resvsegment", "pk": 211}, {"fields": {"blind": 1, "updated": "2014-08-30T16:45:38.972Z", "standby_state": 0, "end_date": "2014-09-03", "created": "2014-08-30T16:40:20.245Z", "resv": 185, "dog": 0, "game": 1, "dog_comment": "0", "standby_updated": "2000-01-01T08:00:00Z", "state": "Canceled", "start_date": "2014-09-02"}, "model": "resv.resvsegment", "pk": 212}, {"fields": {"blind": 1, "updated": "2014-08-30T16:45:58.072Z", "standby_state": 0, "end_date": "2014-09-03", "created": "2014-08-30T16:45:48.550Z", "resv": 186, "dog": 0, "game": 1, "dog_comment": "0", "standby_updated": "2000-01-01T08:00:00Z", "state": "Confirmed", "start_date": "2014-09-01"}, "model": "resv.resvsegment", "pk": 213}, {"fields": {"blind": 1, "updated": "2014-08-30T16:47:11.872Z", "standby_state": 0, "end_date": "2014-09-02", "created": "2014-08-30T16:46:19.122Z", "resv": 187, "dog": 0, "game": 1, "dog_comment": "0", "standby_updated": "2000-01-01T08:00:00Z", "state": "Canceled", "start_date": "2014-09-01"}, "model": "resv.resvsegment", "pk": 214}, {"fields": {"blind": 1, "updated": "2014-08-30T16:47:07.735Z", "standby_state": 0, "end_date": "2014-09-04", "created": "2014-08-30T16:46:48.486Z", "resv": 188, "dog": 0, "game": 1, "dog_comment": "0", "standby_updated": "2000-01-01T08:00:00Z", "state": "Canceled", "start_date": "2014-09-04"}, "model": "resv.resvsegment", "pk": 215}, {"fields": {"blind": 1, "updated": "2014-08-30T16:47:32.866Z", "standby_state": 0, "end_date": "2014-08-30", "created": "2014-08-30T16:47:19.839Z", "resv": 189, "dog": 0, "game": 1, "dog_comment": "0", "standby_updated": "2000-01-01T08:00:00Z", "state": "Pending", "start_date": "2014-08-30"}, "model": "resv.resvsegment", "pk": 216}, {"fields": {"blind": 1, "updated": "2014-08-30T16:47:47.842Z", "standby_state": 0, "end_date": "2014-09-01", "created": "2014-08-30T16:47:38.715Z", "resv": 190, "dog": 0, "game": 1, "dog_comment": "0", "standby_updated": "2000-01-01T08:00:00Z", "state": "Pending", "start_date": "2014-09-01"}, "model": "resv.resvsegment", "pk": 217}, {"fields": {"blind": 1, "updated": "2014-09-01T15:53:30.182Z", "standby_state": 0, "end_date": "2014-09-03", "created": "2014-09-01T15:51:57.125Z", "resv": 191, "dog": 0, "game": 1, "dog_comment": "0", "standby_updated": "2000-01-01T08:00:00Z", "state": "Canceled", "start_date": "2014-09-02"}, "model": "resv.resvsegment", "pk": 218}, {"fields": {"blind": 1, "updated": "2014-09-01T15:59:37.969Z", "standby_state": 0, "end_date": "2014-09-01", "created": "2014-09-01T15:57:58.427Z", "resv": 192, "dog": 0, "game": 1, "dog_comment": "0", "standby_updated": "2000-01-01T08:00:00Z", "state": "Pending", "start_date": "2014-09-01"}, "model": "resv.resvsegment", "pk": 219}, {"fields": {"blind": 1, "updated": "2014-09-01T16:14:51.798Z", "standby_state": 0, "end_date": "2014-09-01", "created": "2014-09-01T16:00:13.063Z", "resv": 193, "dog": 0, "game": 1, "dog_comment": "0", "standby_updated": "2000-01-01T08:00:00Z", "state": "Pending", "start_date": "2014-09-01"}, "model": "resv.resvsegment", "pk": 220}, {"fields": {"blind": 1, "updated": "2014-09-01T16:15:08.833Z", "standby_state": 0, "end_date": "2014-09-01", "created": "2014-09-01T16:15:00.112Z", "resv": 194, "dog": 0, "game": 1, "dog_comment": "0", "standby_updated": "2000-01-01T08:00:00Z", "state": "Pending", "start_date": "2014-09-01"}, "model": "resv.resvsegment", "pk": 221}, {"fields": {"blind": 1, "updated": "2014-09-01T16:43:17.121Z", "standby_state": 0, "end_date": "2014-09-01", "created": "2014-09-01T16:40:02.839Z", "resv": 195, "dog": 0, "game": 1, "dog_comment": "0", "standby_updated": "2000-01-01T08:00:00Z", "state": "Canceled", "start_date": "2014-09-01"}, "model": "resv.resvsegment", "pk": 222}, {"fields": {"blind": 1, "updated": "2014-09-01T16:42:51.683Z", "standby_state": 0, "end_date": "2014-09-01", "created": "2014-09-01T16:41:05.953Z", "resv": 196, "dog": 0, "game": 1, "dog_comment": "0", "standby_updated": "2000-01-01T08:00:00Z", "state": "Canceled", "start_date": "2014-09-01"}, "model": "resv.resvsegment", "pk": 223}, {"fields": {"blind": 1, "updated": "2014-09-01T16:42:46.324Z", "standby_state": 0, "end_date": "2014-09-01", "created": "2014-09-01T16:41:35.119Z", "resv": 197, "dog": 0, "game": 1, "dog_comment": "0", "standby_updated": "2000-01-01T08:00:00Z", "state": "Canceled", "start_date": "2014-09-01"}, "model": "resv.resvsegment", "pk": 224}, {"fields": {"blind": 3, "updated": "2014-09-01T16:42:43.715Z", "standby_state": 0, "end_date": "2014-09-03", "created": "2014-09-01T16:41:51.841Z", "resv": 197, "dog": 0, "game": 1, "dog_comment": "0", "standby_updated": "2000-01-01T08:00:00Z", "state": "Canceled", "start_date": "2014-09-03"}, "model": "resv.resvsegment", "pk": 225}, {"fields": {"blind": 1, "updated": "2014-09-01T18:16:40.888Z", "standby_state": 0, "end_date": "2014-09-01", "created": "2014-09-01T17:56:48.803Z", "resv": 198, "dog": 0, "game": 1, "dog_comment": "0", "standby_updated": "2000-01-01T08:00:00Z", "state": "Canceled", "start_date": "2014-09-01"}, "model": "resv.resvsegment", "pk": 226}, {"fields": {"blind": 2, "updated": "2014-09-01T17:59:21.125Z", "standby_state": 0, "end_date": "2014-09-02", "created": "2014-09-01T17:58:35.470Z", "resv": 198, "dog": 0, "game": 1, "dog_comment": "0", "standby_updated": "2000-01-01T08:00:00Z", "state": "Canceled", "start_date": "2014-09-02"}, "model": "resv.resvsegment", "pk": 227}, {"fields": {"blind": 3, "updated": "2014-09-01T18:16:40.882Z", "standby_state": 0, "end_date": "2014-09-03", "created": "2014-09-01T17:58:54.735Z", "resv": 198, "dog": 0, "game": 1, "dog_comment": "0", "standby_updated": "2000-01-01T08:00:00Z", "state": "Canceled", "start_date": "2014-09-03"}, "model": "resv.resvsegment", "pk": 228}, {"fields": {"blind": 1, "updated": "2014-09-01T18:41:30.657Z", "standby_state": 0, "end_date": "2014-09-01", "created": "2014-09-01T18:16:48.601Z", "resv": 199, "dog": 0, "game": 1, "dog_comment": "0", "standby_updated": "2000-01-01T08:00:00Z", "state": "Canceled", "start_date": "2014-09-01"}, "model": "resv.resvsegment", "pk": 229}, {"fields": {"blind": 2, "updated": "2014-09-01T18:17:42.604Z", "standby_state": 0, "end_date": "2014-09-02", "created": "2014-09-01T18:17:03.064Z", "resv": 199, "dog": 0, "game": 1, "dog_comment": "0", "standby_updated": "2000-01-01T08:00:00Z", "state": "Canceled", "start_date": "2014-09-02"}, "model": "resv.resvsegment", "pk": 230}, {"fields": {"blind": 3, "updated": "2014-09-01T18:40:40.066Z", "standby_state": 0, "end_date": "2014-09-03", "created": "2014-09-01T18:17:23.411Z", "resv": 199, "dog": 0, "game": 1, "dog_comment": "0", "standby_updated": "2000-01-01T08:00:00Z", "state": "Canceled", "start_date": "2014-09-03"}, "model": "resv.resvsegment", "pk": 231}, {"fields": {"blind": 1, "updated": "2014-09-01T18:48:08.795Z", "standby_state": 0, "end_date": "2014-09-01", "created": "2014-09-01T18:41:37.310Z", "resv": 200, "dog": 0, "game": 1, "dog_comment": "0", "standby_updated": "2000-01-01T08:00:00Z", "state": "Canceled", "start_date": "2014-09-01"}, "model": "resv.resvsegment", "pk": 232}, {"fields": {"blind": 2, "updated": "2014-09-01T18:42:32.076Z", "standby_state": 0, "end_date": "2014-09-02", "created": "2014-09-01T18:41:53.688Z", "resv": 200, "dog": 0, "game": 1, "dog_comment": "0", "standby_updated": "2000-01-01T08:00:00Z", "state": "Canceled", "start_date": "2014-09-02"}, "model": "resv.resvsegment", "pk": 233}, {"fields": {"blind": 3, "updated": "2014-09-01T18:48:03.995Z", "standby_state": 0, "end_date": "2014-09-03", "created": "2014-09-01T18:42:06.769Z", "resv": 200, "dog": 0, "game": 1, "dog_comment": "0", "standby_updated": "2000-01-01T08:00:00Z", "state": "Canceled", "start_date": "2014-09-03"}, "model": "resv.resvsegment", "pk": 234}, {"fields": {"blind": 1, "updated": "2014-09-01T19:00:37.078Z", "standby_state": 0, "end_date": "2014-09-01", "created": "2014-09-01T18:48:20.441Z", "resv": 201, "dog": 0, "game": 1, "dog_comment": "0", "standby_updated": "2000-01-01T08:00:00Z", "state": "Canceled", "start_date": "2014-09-01"}, "model": "resv.resvsegment", "pk": 235}, {"fields": {"blind": 2, "updated": "2014-09-01T18:50:07.573Z", "standby_state": 0, "end_date": "2014-09-02", "created": "2014-09-01T18:48:36.756Z", "resv": 201, "dog": 0, "game": 1, "dog_comment": "0", "standby_updated": "2000-01-01T08:00:00Z", "state": "Canceled", "start_date": "2014-09-02"}, "model": "resv.resvsegment", "pk": 236}, {"fields": {"blind": 3, "updated": "2014-09-01T19:00:30.037Z", "standby_state": 0, "end_date": "2014-09-03", "created": "2014-09-01T18:48:56.266Z", "resv": 201, "dog": 0, "game": 1, "dog_comment": "0", "standby_updated": "2000-01-01T08:00:00Z", "state": "Canceled", "start_date": "2014-09-03"}, "model": "resv.resvsegment", "pk": 237}, {"fields": {"blind": 1, "updated": "2014-09-01T19:20:37.093Z", "standby_state": 0, "end_date": "2014-09-01", "created": "2014-09-01T19:04:45.711Z", "resv": 202, "dog": 0, "game": 1, "dog_comment": "0", "standby_updated": "2000-01-01T08:00:00Z", "state": "Canceled", "start_date": "2014-09-01"}, "model": "resv.resvsegment", "pk": 238}, {"fields": {"blind": 2, "updated": "2014-09-01T19:05:41.164Z", "standby_state": 0, "end_date": "2014-09-02", "created": "2014-09-01T19:04:58.303Z", "resv": 202, "dog": 0, "game": 1, "dog_comment": "0", "standby_updated": "2000-01-01T08:00:00Z", "state": "Canceled", "start_date": "2014-09-02"}, "model": "resv.resvsegment", "pk": 239}, {"fields": {"blind": 3, "updated": "2014-09-01T19:20:33.772Z", "standby_state": 0, "end_date": "2014-09-03", "created": "2014-09-01T19:05:18.068Z", "resv": 202, "dog": 0, "game": 1, "dog_comment": "0", "standby_updated": "2000-01-01T08:00:00Z", "state": "Canceled", "start_date": "2014-09-03"}, "model": "resv.resvsegment", "pk": 240}, {"fields": {"blind": 4, "updated": "2014-09-01T19:06:55.371Z", "standby_state": 0, "end_date": "2014-09-02", "created": "2014-09-01T19:06:37.502Z", "resv": 203, "dog": 0, "game": 4, "dog_comment": "0", "standby_updated": "2000-01-01T08:00:00Z", "state": "Canceled", "start_date": "2014-09-02"}, "model": "resv.resvsegment", "pk": 241}, {"fields": {"blind": 1, "updated": "2014-09-01T19:25:47.224Z", "standby_state": 0, "end_date": "2014-09-01", "created": "2014-09-01T19:20:48.050Z", "resv": 204, "dog": 0, "game": 1, "dog_comment": "0", "standby_updated": "2000-01-01T08:00:00Z", "state": "Canceled", "start_date": "2014-09-01"}, "model": "resv.resvsegment", "pk": 242}, {"fields": {"blind": 2, "updated": "2014-09-01T19:22:14.831Z", "standby_state": 0, "end_date": "2014-09-02", "created": "2014-09-01T19:21:21.803Z", "resv": 204, "dog": 0, "game": 1, "dog_comment": "0", "standby_updated": "2000-01-01T08:00:00Z", "state": "Canceled", "start_date": "2014-09-02"}, "model": "resv.resvsegment", "pk": 243}, {"fields": {"blind": 3, "updated": "2014-09-01T19:25:47.236Z", "standby_state": 0, "end_date": "2014-09-03", "created": "2014-09-01T19:21:34.931Z", "resv": 204, "dog": 0, "game": 1, "dog_comment": "0", "standby_updated": "2000-01-01T08:00:00Z", "state": "Canceled", "start_date": "2014-09-03"}, "model": "resv.resvsegment", "pk": 244}, {"fields": {"blind": 1, "updated": "2014-09-15T03:57:01.896Z", "standby_state": 0, "end_date": "2014-09-01", "created": "2014-09-01T19:25:55.864Z", "resv": 205, "dog": 0, "game": 1, "dog_comment": "0", "standby_updated": "2000-01-01T08:00:00Z", "state": "Canceled", "start_date": "2014-09-01"}, "model": "resv.resvsegment", "pk": 245}, {"fields": {"blind": 2, "updated": "2014-09-01T19:26:57.626Z", "standby_state": 0, "end_date": "2014-09-02", "created": "2014-09-01T19:26:08.513Z", "resv": 205, "dog": 0, "game": 1, "dog_comment": "0", "standby_updated": "2000-01-01T08:00:00Z", "state": "Canceled", "start_date": "2014-09-02"}, "model": "resv.resvsegment", "pk": 246}, {"fields": {"blind": 3, "updated": "2014-09-01T19:28:26.729Z", "standby_state": 0, "end_date": "2014-09-03", "created": "2014-09-01T19:26:23.521Z", "resv": 205, "dog": 0, "game": 1, "dog_comment": "0", "standby_updated": "2000-01-01T08:00:00Z", "state": "Canceled", "start_date": "2014-09-03"}, "model": "resv.resvsegment", "pk": 247}, {"fields": {"blind": 1, "updated": "2014-09-03T05:37:42.975Z", "standby_state": 0, "end_date": "2014-09-02", "created": "2014-09-03T05:31:59.457Z", "resv": 206, "dog": 0, "game": 1, "dog_comment": "0", "standby_updated": "2000-01-01T08:00:00Z", "state": "Canceled", "start_date": "2014-09-02"}, "model": "resv.resvsegment", "pk": 248}, {"fields": {"blind": 3, "updated": "2014-09-03T05:36:23.888Z", "standby_state": 0, "end_date": "2014-09-03", "created": "2014-09-03T05:32:17.988Z", "resv": 206, "dog": 0, "game": 1, "dog_comment": "0", "standby_updated": "2000-01-01T08:00:00Z", "state": "Canceled", "start_date": "2014-09-03"}, "model": "resv.resvsegment", "pk": 249}, {"fields": {"blind": 1, "updated": "2014-09-03T05:37:33.937Z", "standby_state": 0, "end_date": "2014-09-03", "created": "2014-09-03T05:37:18.473Z", "resv": 207, "dog": 0, "game": 1, "dog_comment": "0", "standby_updated": "2000-01-01T08:00:00Z", "state": "Canceled", "start_date": "2014-09-03"}, "model": "resv.resvsegment", "pk": 250}, {"fields": {"blind": 1, "updated": "2014-09-15T03:57:40.109Z", "standby_state": 0, "end_date": "2014-09-02", "created": "2014-09-03T05:37:49.494Z", "resv": 208, "dog": 0, "game": 1, "dog_comment": "0", "standby_updated": "2000-01-01T08:00:00Z", "state": "Canceled", "start_date": "2014-09-02"}, "model": "resv.resvsegment", "pk": 251}, {"fields": {"blind": 2, "updated": "2014-09-04T01:38:42.888Z", "standby_state": 0, "end_date": "2014-09-03", "created": "2014-09-03T05:38:02.001Z", "resv": 208, "dog": 0, "game": 1, "dog_comment": "0", "standby_updated": "2000-01-01T08:00:00Z", "state": "Canceled", "start_date": "2014-09-03"}, "model": "resv.resvsegment", "pk": 252}, {"fields": {"blind": 1, "updated": "2014-09-04T01:37:42.373Z", "standby_state": 0, "end_date": "2014-09-03", "created": "2014-09-04T01:37:37.632Z", "resv": 209, "dog": 0, "game": 1, "dog_comment": "", "standby_updated": "2000-01-01T08:00:00Z", "state": "Canceled", "start_date": "2014-09-03"}, "model": "resv.resvsegment", "pk": 253}, {"fields": {"blind": 1, "updated": "2014-09-04T01:47:26.834Z", "standby_state": 0, "end_date": "2014-09-03", "created": "2014-09-04T01:47:14.357Z", "resv": 210, "dog": 0, "game": 1, "dog_comment": "0", "standby_updated": "2000-01-01T08:00:00Z", "state": "Canceled", "start_date": "2014-09-03"}, "model": "resv.resvsegment", "pk": 254}, {"fields": {"blind": 1, "updated": "2014-09-04T01:50:09.505Z", "standby_state": 0, "end_date": "2014-09-03", "created": "2014-09-04T01:50:06.735Z", "resv": 211, "dog": 0, "game": 1, "dog_comment": "", "standby_updated": "2000-01-01T08:00:00Z", "state": "Canceled", "start_date": "2014-09-03"}, "model": "resv.resvsegment", "pk": 255}, {"fields": {"blind": 1, "updated": "2014-09-04T01:57:51.443Z", "standby_state": 0, "end_date": "2014-09-03", "created": "2014-09-04T01:51:16.957Z", "resv": 212, "dog": 0, "game": 1, "dog_comment": "0", "standby_updated": "2000-01-01T08:00:00Z", "state": "Canceled", "start_date": "2014-09-03"}, "model": "resv.resvsegment", "pk": 256}, {"fields": {"blind": 1, "updated": "2014-09-04T01:59:05.109Z", "standby_state": 0, "end_date": "2014-09-03", "created": "2014-09-04T01:57:58.918Z", "resv": 213, "dog": 0, "game": 1, "dog_comment": "0", "standby_updated": "2000-01-01T08:00:00Z", "state": "Canceled", "start_date": "2014-09-03"}, "model": "resv.resvsegment", "pk": 257}, {"fields": {"blind": 2, "updated": "2014-09-04T01:58:34.716Z", "standby_state": 0, "end_date": "2014-09-04", "created": "2014-09-04T01:58:21.870Z", "resv": 213, "dog": 0, "game": 1, "dog_comment": "", "standby_updated": "2000-01-01T08:00:00Z", "state": "Canceled", "start_date": "2014-09-04"}, "model": "resv.resvsegment", "pk": 258}, {"fields": {"blind": 1, "updated": "2014-09-04T01:59:58.759Z", "standby_state": 0, "end_date": "2014-09-03", "created": "2014-09-04T01:59:12.039Z", "resv": 214, "dog": 0, "game": 1, "dog_comment": "0", "standby_updated": "2000-01-01T08:00:00Z", "state": "Confirmed", "start_date": "2014-09-03"}, "model": "resv.resvsegment", "pk": 259}, {"fields": {"blind": 2, "updated": "2014-09-04T01:59:36.059Z", "standby_state": 0, "end_date": "2014-09-04", "created": "2014-09-04T01:59:26.643Z", "resv": 214, "dog": 0, "game": 1, "dog_comment": "", "standby_updated": "2000-01-01T08:00:00Z", "state": "Canceled", "start_date": "2014-09-04"}, "model": "resv.resvsegment", "pk": 260}, {"fields": {"blind": 6, "updated": "2014-09-04T02:01:22.642Z", "standby_state": 0, "end_date": "2014-09-04", "created": "2014-09-04T01:59:42.465Z", "resv": 214, "dog": 0, "game": 4, "dog_comment": "0", "standby_updated": "2000-01-01T08:00:00Z", "state": "Confirmed", "start_date": "2014-09-04"}, "model": "resv.resvsegment", "pk": 261}, {"fields": {"blind": 2, "updated": "2014-09-04T02:03:06.499Z", "standby_state": 0, "end_date": "2014-09-05", "created": "2014-09-04T02:01:35.734Z", "resv": 215, "dog": 0, "game": 1, "dog_comment": "0", "standby_updated": "2000-01-01T08:00:00Z", "state": "Canceled", "start_date": "2014-09-05"}, "model": "resv.resvsegment", "pk": 262}, {"fields": {"blind": 2, "updated": "2014-09-04T02:05:50.061Z", "standby_state": 0, "end_date": "2014-09-07", "created": "2014-09-04T02:05:42.930Z", "resv": 214, "dog": 0, "game": 1, "dog_comment": "0", "standby_updated": "2000-01-01T08:00:00Z", "state": "Pending", "start_date": "2014-09-07"}, "model": "resv.resvsegment", "pk": 263}, {"fields": {"blind": 1, "updated": "2014-09-04T05:12:53.866Z", "standby_state": 0, "end_date": "2014-09-04", "created": "2014-09-04T05:12:51.877Z", "resv": 216, "dog": 0, "game": 1, "dog_comment": "", "standby_updated": "2000-01-01T08:00:00Z", "state": "Pending", "start_date": "2014-09-04"}, "model": "resv.resvsegment", "pk": 264}, {"fields": {"blind": 1, "updated": "2014-09-04T05:15:30.272Z", "standby_state": 0, "end_date": "2014-09-05", "created": "2014-09-04T05:15:28.926Z", "resv": 217, "dog": 0, "game": 1, "dog_comment": "", "standby_updated": "2000-01-01T08:00:00Z", "state": "Pending", "start_date": "2014-09-05"}, "model": "resv.resvsegment", "pk": 265}, {"fields": {"blind": 1, "updated": "2014-09-04T05:27:09.058Z", "standby_state": 0, "end_date": "2014-09-06", "created": "2014-09-04T05:27:01.868Z", "resv": 218, "dog": 0, "game": 1, "dog_comment": "0", "standby_updated": "2000-01-01T08:00:00Z", "state": "Pending", "start_date": "2014-09-06"}, "model": "resv.resvsegment", "pk": 266}, {"fields": {"blind": 1, "updated": "2014-09-04T05:29:40.026Z", "standby_state": 0, "end_date": "2014-09-04", "created": "2014-09-04T05:28:57.833Z", "resv": 219, "dog": 0, "game": 1, "dog_comment": "0", "standby_updated": "2000-01-01T08:00:00Z", "state": "Pending", "start_date": "2014-09-04"}, "model": "resv.resvsegment", "pk": 267}, {"fields": {"blind": 1, "updated": "2014-09-04T05:33:10.688Z", "standby_state": 0, "end_date": "2014-09-05", "created": "2014-09-04T05:33:03.531Z", "resv": 220, "dog": 0, "game": 1, "dog_comment": "0", "standby_updated": "2000-01-01T08:00:00Z", "state": "Pending", "start_date": "2014-09-05"}, "model": "resv.resvsegment", "pk": 268}, {"fields": {"blind": 1, "updated": "2014-09-04T05:36:47.259Z", "standby_state": 0, "end_date": "2014-09-07", "created": "2014-09-04T05:36:39.578Z", "resv": 221, "dog": 0, "game": 1, "dog_comment": "0", "standby_updated": "2000-01-01T08:00:00Z", "state": "Pending", "start_date": "2014-09-07"}, "model": "resv.resvsegment", "pk": 269}, {"fields": {"blind": 1, "updated": "2014-09-04T05:38:53.898Z", "standby_state": 0, "end_date": "2014-09-08", "created": "2014-09-04T05:38:47.531Z", "resv": 222, "dog": 0, "game": 1, "dog_comment": "0", "standby_updated": "2000-01-01T08:00:00Z", "state": "Pending", "start_date": "2014-09-08"}, "model": "resv.resvsegment", "pk": 270}, {"fields": {"blind": 2, "updated": "2014-09-04T05:40:52.601Z", "standby_state": 0, "end_date": "2014-09-03", "created": "2014-09-04T05:40:45.315Z", "resv": 223, "dog": 0, "game": 1, "dog_comment": "0", "standby_updated": "2000-01-01T08:00:00Z", "state": "Pending", "start_date": "2014-09-03"}, "model": "resv.resvsegment", "pk": 271}, {"fields": {"blind": 1, "updated": "2014-09-04T05:43:09.382Z", "standby_state": 0, "end_date": "2014-09-06", "created": "2014-09-04T05:43:02.609Z", "resv": 224, "dog": 0, "game": 1, "dog_comment": "0", "standby_updated": "2000-01-01T08:00:00Z", "state": "Pending", "start_date": "2014-09-06"}, "model": "resv.resvsegment", "pk": 272}, {"fields": {"blind": 1, "updated": "2014-09-04T05:44:37.692Z", "standby_state": 0, "end_date": "2014-09-03", "created": "2014-09-04T05:44:31.569Z", "resv": 225, "dog": 0, "game": 1, "dog_comment": "0", "standby_updated": "2000-01-01T08:00:00Z", "state": "Pending", "start_date": "2014-09-03"}, "model": "resv.resvsegment", "pk": 273}, {"fields": {"blind": 1, "updated": "2014-09-04T05:45:05.321Z", "standby_state": 0, "end_date": "2014-09-03", "created": "2014-09-04T05:44:59.211Z", "resv": 226, "dog": 0, "game": 1, "dog_comment": "0", "standby_updated": "2000-01-01T08:00:00Z", "state": "Pending", "start_date": "2014-09-03"}, "model": "resv.resvsegment", "pk": 274}, {"fields": {"blind": 1, "updated": "2014-09-04T05:52:09.592Z", "standby_state": 0, "end_date": "2014-09-03", "created": "2014-09-04T05:52:00.341Z", "resv": 227, "dog": 0, "game": 1, "dog_comment": "0", "standby_updated": "2000-01-01T08:00:00Z", "state": "Pending", "start_date": "2014-09-03"}, "model": "resv.resvsegment", "pk": 275}, {"fields": {"blind": 1, "updated": "2014-09-04T05:53:53.170Z", "standby_state": 0, "end_date": "2014-09-03", "created": "2014-09-04T05:53:45.744Z", "resv": 228, "dog": 0, "game": 1, "dog_comment": "0", "standby_updated": "2000-01-01T08:00:00Z", "state": "Pending", "start_date": "2014-09-03"}, "model": "resv.resvsegment", "pk": 276}, {"fields": {"blind": 1, "updated": "2014-09-06T02:57:37.789Z", "standby_state": 0, "end_date": "2014-09-05", "created": "2014-09-06T02:46:16.476Z", "resv": 229, "dog": 0, "game": 1, "dog_comment": "0", "standby_updated": "2000-01-01T08:00:00Z", "state": "Canceled", "start_date": "2014-09-05"}, "model": "resv.resvsegment", "pk": 277}, {"fields": {"blind": 1, "updated": "2014-09-06T02:57:34.774Z", "standby_state": 0, "end_date": "2014-09-05", "created": "2014-09-06T02:47:57.716Z", "resv": 230, "dog": 0, "game": 1, "dog_comment": "0", "standby_updated": "2000-01-01T08:00:00Z", "state": "Canceled", "start_date": "2014-09-05"}, "model": "resv.resvsegment", "pk": 278}, {"fields": {"blind": 1, "updated": "2014-09-06T02:57:32.117Z", "standby_state": 0, "end_date": "2014-09-05", "created": "2014-09-06T02:48:35.694Z", "resv": 231, "dog": 0, "game": 1, "dog_comment": "0", "standby_updated": "2000-01-01T08:00:00Z", "state": "Canceled", "start_date": "2014-09-05"}, "model": "resv.resvsegment", "pk": 279}, {"fields": {"blind": 1, "updated": "2014-09-06T02:57:29.272Z", "standby_state": 0, "end_date": "2014-09-05", "created": "2014-09-06T02:49:40.930Z", "resv": 232, "dog": 0, "game": 1, "dog_comment": "0", "standby_updated": "2000-01-01T08:00:00Z", "state": "Canceled", "start_date": "2014-09-05"}, "model": "resv.resvsegment", "pk": 280}, {"fields": {"blind": 1, "updated": "2014-09-06T02:57:25.606Z", "standby_state": 0, "end_date": "2014-09-05", "created": "2014-09-06T02:50:25.608Z", "resv": 233, "dog": 0, "game": 1, "dog_comment": "0", "standby_updated": "2000-01-01T08:00:00Z", "state": "Canceled", "start_date": "2014-09-05"}, "model": "resv.resvsegment", "pk": 281}, {"fields": {"blind": 1, "updated": "2014-09-06T02:57:57.786Z", "standby_state": 0, "end_date": "2014-09-05", "created": "2014-09-06T02:57:49.396Z", "resv": 234, "dog": 0, "game": 1, "dog_comment": "0", "standby_updated": "2000-01-01T08:00:00Z", "state": "Canceled", "start_date": "2014-09-05"}, "model": "resv.resvsegment", "pk": 282}, {"fields": {"blind": 1, "updated": "2014-09-06T02:59:26.536Z", "standby_state": 0, "end_date": "2014-09-05", "created": "2014-09-06T02:59:17.315Z", "resv": 235, "dog": 0, "game": 1, "dog_comment": "0", "standby_updated": "2000-01-01T08:00:00Z", "state": "Canceled", "start_date": "2014-09-05"}, "model": "resv.resvsegment", "pk": 283}, {"fields": {"blind": 1, "updated": "2014-09-06T03:00:00.829Z", "standby_state": 0, "end_date": "2014-09-05", "created": "2014-09-06T02:59:51.688Z", "resv": 236, "dog": 0, "game": 1, "dog_comment": "0", "standby_updated": "2000-01-01T08:00:00Z", "state": "Canceled", "start_date": "2014-09-05"}, "model": "resv.resvsegment", "pk": 284}, {"fields": {"blind": 1, "updated": "2014-09-06T03:00:55.570Z", "standby_state": 0, "end_date": "2014-09-05", "created": "2014-09-06T03:00:49.635Z", "resv": 237, "dog": 0, "game": 1, "dog_comment": "0", "standby_updated": "2000-01-01T08:00:00Z", "state": "Canceled", "start_date": "2014-09-05"}, "model": "resv.resvsegment", "pk": 285}, {"fields": {"blind": 1, "updated": "2014-09-06T03:04:03.097Z", "standby_state": 0, "end_date": "2014-09-05", "created": "2014-09-06T03:03:55.103Z", "resv": 28, "dog": 0, "game": 1, "dog_comment": "0", "standby_updated": "2000-01-01T08:00:00Z", "state": "Canceled", "start_date": "2014-09-05"}, "model": "resv.resvsegment", "pk": 286}, {"fields": {"blind": 1, "updated": "2014-09-06T03:05:04.814Z", "standby_state": 0, "end_date": "2014-09-05", "created": "2014-09-06T03:04:58.228Z", "resv": 28, "dog": 0, "game": 1, "dog_comment": "0", "standby_updated": "2000-01-01T08:00:00Z", "state": "Canceled", "start_date": "2014-09-05"}, "model": "resv.resvsegment", "pk": 287}, {"fields": {"blind": 1, "updated": "2014-09-06T03:12:45.485Z", "standby_state": 0, "end_date": "2014-09-05", "created": "2014-09-06T03:12:20.774Z", "resv": 28, "dog": 0, "game": 1, "dog_comment": "0", "standby_updated": "2000-01-01T08:00:00Z", "state": "Canceled", "start_date": "2014-09-05"}, "model": "resv.resvsegment", "pk": 288}, {"fields": {"blind": 1, "updated": "2014-09-06T03:13:26.545Z", "standby_state": 0, "end_date": "2014-09-05", "created": "2014-09-06T03:13:19.658Z", "resv": 238, "dog": 0, "game": 1, "dog_comment": "0", "standby_updated": "2000-01-01T08:00:00Z", "state": "Pending", "start_date": "2014-09-05"}, "model": "resv.resvsegment", "pk": 289}, {"fields": {"blind": 6, "updated": "2014-09-06T04:39:10.500Z", "standby_state": 0, "end_date": "2014-09-05", "created": "2014-09-06T04:39:10.429Z", "resv": 239, "dog": 0, "game": 4, "dog_comment": "", "standby_updated": "2000-01-01T08:00:00Z", "state": "Pending", "start_date": "2014-09-05"}, "model": "resv.resvsegment", "pk": 290}, {"fields": {"blind": 6, "updated": "2014-09-06T04:44:30.827Z", "standby_state": 0, "end_date": "2014-09-05", "created": "2014-09-06T04:42:10.975Z", "resv": 240, "dog": 0, "game": 4, "dog_comment": "0", "standby_updated": "2000-01-01T08:00:00Z", "state": "Canceled", "start_date": "2014-09-05"}, "model": "resv.resvsegment", "pk": 291}, {"fields": {"blind": 6, "updated": "2014-09-06T04:45:03.336Z", "standby_state": 0, "end_date": "2014-09-07", "created": "2014-09-06T04:44:50.339Z", "resv": 241, "dog": 0, "game": 4, "dog_comment": "0", "standby_updated": "2000-01-01T08:00:00Z", "state": "Canceled", "start_date": "2014-09-07"}, "model": "resv.resvsegment", "pk": 292}, {"fields": {"blind": 6, "updated": "2014-09-06T04:47:20.398Z", "standby_state": 0, "end_date": "2014-09-07", "created": "2014-09-06T04:47:13.083Z", "resv": 242, "dog": 0, "game": 4, "dog_comment": "0", "standby_updated": "2000-01-01T08:00:00Z", "state": "Standby - Pending", "start_date": "2014-09-07"}, "model": "resv.resvsegment", "pk": 293}, {"fields": {"blind": 6, "updated": "2014-09-06T04:48:32.794Z", "standby_state": 0, "end_date": "2014-09-09", "created": "2014-09-06T04:48:27.083Z", "resv": 243, "dog": 0, "game": 4, "dog_comment": "0", "standby_updated": "2000-01-01T08:00:00Z", "state": "Standby - Pending", "start_date": "2014-09-09"}, "model": "resv.resvsegment", "pk": 294}, {"fields": {"blind": 6, "updated": "2014-09-06T04:52:19.765Z", "standby_state": 0, "end_date": "2014-09-09", "created": "2014-09-06T04:52:02.435Z", "resv": 244, "dog": 0, "game": 4, "dog_comment": "0", "standby_updated": "2000-01-01T08:00:00Z", "state": "Standby - Pending", "start_date": "2014-09-09"}, "model": "resv.resvsegment", "pk": 295}, {"fields": {"blind": 6, "updated": "2014-09-06T04:54:20.507Z", "standby_state": 0, "end_date": "2014-09-11", "created": "2014-09-06T04:54:14.789Z", "resv": 245, "dog": 0, "game": 4, "dog_comment": "0", "standby_updated": "2000-01-01T08:00:00Z", "state": "Standby - Pending", "start_date": "2014-09-11"}, "model": "resv.resvsegment", "pk": 296}, {"fields": {"blind": 6, "updated": "2014-09-06T04:59:41.823Z", "standby_state": 0, "end_date": "2014-09-05", "created": "2014-09-06T04:59:36.736Z", "resv": 246, "dog": 0, "game": 4, "dog_comment": "0", "standby_updated": "2000-01-01T08:00:00Z", "state": "Pending", "start_date": "2014-09-05"}, "model": "resv.resvsegment", "pk": 297}, {"fields": {"blind": 6, "updated": "2014-09-06T05:04:57.799Z", "standby_state": 0, "end_date": "2014-09-05", "created": "2014-09-06T05:00:12.810Z", "resv": 247, "dog": 0, "game": 4, "dog_comment": "0", "standby_updated": "2000-01-01T08:00:00Z", "state": "Canceled", "start_date": "2014-09-05"}, "model": "resv.resvsegment", "pk": 298}, {"fields": {"blind": 6, "updated": "2014-09-06T05:07:29.417Z", "standby_state": 0, "end_date": "2014-09-05", "created": "2014-09-06T05:05:10.188Z", "resv": 248, "dog": 0, "game": 4, "dog_comment": "0", "standby_updated": "2000-01-01T08:00:00Z", "state": "Canceled", "start_date": "2014-09-05"}, "model": "resv.resvsegment", "pk": 299}, {"fields": {"blind": 6, "updated": "2014-09-06T05:08:49.982Z", "standby_state": 0, "end_date": "2014-09-05", "created": "2014-09-06T05:07:38.047Z", "resv": 249, "dog": 0, "game": 4, "dog_comment": "0", "standby_updated": "2000-01-01T08:00:00Z", "state": "Canceled", "start_date": "2014-09-05"}, "model": "resv.resvsegment", "pk": 300}, {"fields": {"blind": 6, "updated": "2014-09-06T05:10:09.904Z", "standby_state": 0, "end_date": "2014-09-05", "created": "2014-09-06T05:08:57.501Z", "resv": 250, "dog": 0, "game": 4, "dog_comment": "0", "standby_updated": "2000-01-01T08:00:00Z", "state": "Canceled", "start_date": "2014-09-05"}, "model": "resv.resvsegment", "pk": 301}, {"fields": {"blind": 6, "updated": "2014-09-06T05:11:56.419Z", "standby_state": 0, "end_date": "2014-09-05", "created": "2014-09-06T05:11:47.786Z", "resv": 252, "dog": 0, "game": 4, "dog_comment": "0", "standby_updated": "2000-01-01T08:00:00Z", "state": "Standby - Pending", "start_date": "2014-09-05"}, "model": "resv.resvsegment", "pk": 302}, {"fields": {"blind": 6, "updated": "2014-09-06T15:59:43.206Z", "standby_state": 0, "end_date": "2014-09-06", "created": "2014-09-06T15:59:24.341Z", "resv": 253, "dog": 0, "game": 4, "dog_comment": "0", "standby_updated": "2000-01-01T08:00:00Z", "state": "Standby - Pending", "start_date": "2014-09-06"}, "model": "resv.resvsegment", "pk": 303}, {"fields": {"blind": 6, "updated": "2014-09-06T16:00:08.818Z", "standby_state": 0, "end_date": "2014-09-06", "created": "2014-09-06T16:00:01.426Z", "resv": 254, "dog": 0, "game": 4, "dog_comment": "0", "standby_updated": "2000-01-01T08:00:00Z", "state": "Standby - Pending", "start_date": "2014-09-06"}, "model": "resv.resvsegment", "pk": 304}, {"fields": {"blind": 1, "updated": "2014-09-06T17:35:28.883Z", "standby_state": 0, "end_date": "2014-09-06", "created": "2014-09-06T17:27:23.835Z", "resv": 255, "dog": 0, "game": 1, "dog_comment": "0", "standby_updated": "2000-01-01T08:00:00Z", "state": "Canceled", "start_date": "2014-09-06"}, "model": "resv.resvsegment", "pk": 305}, {"fields": {"blind": 1, "updated": "2014-09-06T17:35:20.235Z", "standby_state": 0, "end_date": "2014-09-06", "created": "2014-09-06T17:31:07.558Z", "resv": 256, "dog": 0, "game": 1, "dog_comment": "0", "standby_updated": "2000-01-01T08:00:00Z", "state": "Canceled", "start_date": "2014-09-06"}, "model": "resv.resvsegment", "pk": 306}, {"fields": {"blind": 1, "updated": "2014-09-06T17:34:41.420Z", "standby_state": 0, "end_date": "2014-09-06", "created": "2014-09-06T17:34:41.420Z", "resv": 257, "dog": 0, "game": 1, "dog_comment": "", "standby_updated": "2000-01-01T08:00:00Z", "state": "Standby - Pending", "start_date": "2014-09-06"}, "model": "resv.resvsegment", "pk": 307}, {"fields": {"blind": 7, "updated": "2014-09-06T17:36:32.242Z", "standby_state": 0, "end_date": "2014-09-06", "created": "2014-09-06T17:35:40.274Z", "resv": 258, "dog": 0, "game": 3, "dog_comment": "0", "standby_updated": "2000-01-01T08:00:00Z", "state": "Confirmed", "start_date": "2014-09-06"}, "model": "resv.resvsegment", "pk": 308}, {"fields": {"blind": 7, "updated": "2014-09-06T17:37:38.806Z", "standby_state": 0, "end_date": "2014-09-06", "created": "2014-09-06T17:36:43.959Z", "resv": 259, "dog": 0, "game": 3, "dog_comment": "0", "standby_updated": "2000-01-01T08:00:00Z", "state": "Canceled", "start_date": "2014-09-06"}, "model": "resv.resvsegment", "pk": 309}, {"fields": {"blind": 1, "updated": "2014-09-10T03:31:11.445Z", "standby_state": 0, "end_date": "2014-09-09", "created": "2014-09-10T03:29:46.120Z", "resv": 260, "dog": 0, "game": 1, "dog_comment": "0", "standby_updated": "2000-01-01T08:00:00Z", "state": "Canceled", "start_date": "2014-09-09"}, "model": "resv.resvsegment", "pk": 310}, {"fields": {"blind": 1, "updated": "2014-09-10T03:32:06.923Z", "standby_state": 0, "end_date": "2014-09-09", "created": "2014-09-10T03:31:21.405Z", "resv": 261, "dog": 0, "game": 1, "dog_comment": "0", "standby_updated": "2000-01-01T08:00:00Z", "state": "Canceled", "start_date": "2014-09-09"}, "model": "resv.resvsegment", "pk": 311}, {"fields": {"blind": 1, "updated": "2014-09-10T03:40:45.883Z", "standby_state": 0, "end_date": "2014-09-09", "created": "2014-09-10T03:32:14.770Z", "resv": 262, "dog": 0, "game": 1, "dog_comment": "0", "standby_updated": "2000-01-01T08:00:00Z", "state": "Canceled", "start_date": "2014-09-09"}, "model": "resv.resvsegment", "pk": 312}, {"fields": {"blind": 1, "updated": "2014-09-10T03:40:50.854Z", "standby_state": 0, "end_date": "2014-09-10", "created": "2014-09-10T03:35:15.170Z", "resv": 263, "dog": 0, "game": 1, "dog_comment": "0", "standby_updated": "2000-01-01T08:00:00Z", "state": "Canceled", "start_date": "2014-09-10"}, "model": "resv.resvsegment", "pk": 313}, {"fields": {"blind": 1, "updated": "2014-09-10T03:40:54.281Z", "standby_state": 0, "end_date": "2014-09-11", "created": "2014-09-10T03:38:21.762Z", "resv": 264, "dog": 0, "game": 1, "dog_comment": "0", "standby_updated": "2000-01-01T08:00:00Z", "state": "Canceled", "start_date": "2014-09-11"}, "model": "resv.resvsegment", "pk": 314}, {"fields": {"blind": 1, "updated": "2014-09-10T03:40:58.228Z", "standby_state": 0, "end_date": "2014-09-12", "created": "2014-09-10T03:39:40.875Z", "resv": 265, "dog": 0, "game": 1, "dog_comment": "0", "standby_updated": "2000-01-01T08:00:00Z", "state": "Canceled", "start_date": "2014-09-12"}, "model": "resv.resvsegment", "pk": 315}, {"fields": {"blind": 1, "updated": "2014-09-10T03:45:08.446Z", "standby_state": 0, "end_date": "2014-09-09", "created": "2014-09-10T03:41:05.085Z", "resv": 266, "dog": 0, "game": 1, "dog_comment": "0", "standby_updated": "2000-01-01T08:00:00Z", "state": "Canceled", "start_date": "2014-09-09"}, "model": "resv.resvsegment", "pk": 316}, {"fields": {"blind": 1, "updated": "2014-09-10T03:45:12.309Z", "standby_state": 0, "end_date": "2014-09-10", "created": "2014-09-10T03:43:23.645Z", "resv": 267, "dog": 0, "game": 1, "dog_comment": "0", "standby_updated": "2000-01-01T08:00:00Z", "state": "Canceled", "start_date": "2014-09-10"}, "model": "resv.resvsegment", "pk": 317}, {"fields": {"blind": 1, "updated": "2014-09-10T03:45:15.903Z", "standby_state": 0, "end_date": "2014-09-11", "created": "2014-09-10T03:43:54.399Z", "resv": 268, "dog": 0, "game": 1, "dog_comment": "0", "standby_updated": "2000-01-01T08:00:00Z", "state": "Canceled", "start_date": "2014-09-11"}, "model": "resv.resvsegment", "pk": 318}, {"fields": {"blind": 1, "updated": "2014-09-10T03:45:19.635Z", "standby_state": 0, "end_date": "2014-09-12", "created": "2014-09-10T03:44:14.673Z", "resv": 269, "dog": 0, "game": 1, "dog_comment": "0", "standby_updated": "2000-01-01T08:00:00Z", "state": "Canceled", "start_date": "2014-09-12"}, "model": "resv.resvsegment", "pk": 319}, {"fields": {"blind": 1, "updated": "2014-09-10T03:54:29.745Z", "standby_state": 0, "end_date": "2014-09-09", "created": "2014-09-10T03:45:27.835Z", "resv": 270, "dog": 0, "game": 1, "dog_comment": "0", "standby_updated": "2000-01-01T08:00:00Z", "state": "Canceled", "start_date": "2014-09-09"}, "model": "resv.resvsegment", "pk": 320}, {"fields": {"blind": 6, "updated": "2014-09-10T03:54:29.732Z", "standby_state": 0, "end_date": "2014-09-10", "created": "2014-09-10T03:45:50.464Z", "resv": 270, "dog": 0, "game": 4, "dog_comment": "0", "standby_updated": "2000-01-01T08:00:00Z", "state": "Canceled", "start_date": "2014-09-10"}, "model": "resv.resvsegment", "pk": 321}, {"fields": {"blind": 6, "updated": "2014-09-10T03:54:26.155Z", "standby_state": 0, "end_date": "2014-09-10", "created": "2014-09-10T03:46:13.532Z", "resv": 271, "dog": 0, "game": 4, "dog_comment": "0", "standby_updated": "2000-01-01T08:00:00Z", "state": "Canceled", "start_date": "2014-09-10"}, "model": "resv.resvsegment", "pk": 322}, {"fields": {"blind": 6, "updated": "2014-09-10T03:57:01.220Z", "standby_state": 0, "end_date": "2014-09-10", "created": "2014-09-10T03:54:43.295Z", "resv": 272, "dog": 0, "game": 4, "dog_comment": "0", "standby_updated": "2000-01-01T08:00:00Z", "state": "Canceled", "start_date": "2014-09-10"}, "model": "resv.resvsegment", "pk": 323}, {"fields": {"blind": 6, "updated": "2014-09-10T03:57:07.163Z", "standby_state": 0, "end_date": "2014-09-10", "created": "2014-09-10T03:55:02.842Z", "resv": 273, "dog": 0, "game": 4, "dog_comment": "", "standby_updated": "2000-01-01T08:00:00Z", "state": "Canceled", "start_date": "2014-09-10"}, "model": "resv.resvsegment", "pk": 324}, {"fields": {"blind": 6, "updated": "2014-09-10T04:05:15.377Z", "standby_state": 0, "end_date": "2014-09-10", "created": "2014-09-10T03:57:15.125Z", "resv": 274, "dog": 0, "game": 4, "dog_comment": "0", "standby_updated": "2000-01-01T08:00:00Z", "state": "Canceled", "start_date": "2014-09-10"}, "model": "resv.resvsegment", "pk": 325}, {"fields": {"blind": 6, "updated": "2014-09-10T03:58:57.288Z", "standby_state": 0, "end_date": "2014-09-10", "created": "2014-09-10T03:57:32.468Z", "resv": 275, "dog": 0, "game": 4, "dog_comment": "", "standby_updated": "2000-01-01T08:00:00Z", "state": "Canceled", "start_date": "2014-09-10"}, "model": "resv.resvsegment", "pk": 326}, {"fields": {"blind": 6, "updated": "2014-09-10T04:01:39.886Z", "standby_state": 0, "end_date": "2014-09-10", "created": "2014-09-10T03:59:03.270Z", "resv": 276, "dog": 0, "game": 4, "dog_comment": "", "standby_updated": "2000-01-01T08:00:00Z", "state": "Canceled", "start_date": "2014-09-10"}, "model": "resv.resvsegment", "pk": 327}, {"fields": {"blind": 6, "updated": "2014-09-10T04:01:48.915Z", "standby_state": 0, "end_date": "2014-09-10", "created": "2014-09-10T04:01:48.837Z", "resv": 277, "dog": 0, "game": 4, "dog_comment": "", "standby_updated": "2000-01-01T08:00:00Z", "state": "Pending", "start_date": "2014-09-10"}, "model": "resv.resvsegment", "pk": 328}, {"fields": {"blind": 6, "updated": "2014-09-10T04:06:17.684Z", "standby_state": 0, "end_date": "2014-09-10", "created": "2014-09-10T04:05:25.823Z", "resv": 278, "dog": 0, "game": 4, "dog_comment": "0", "standby_updated": "2000-01-01T08:00:00Z", "state": "Standby - Pending", "start_date": "2014-09-10"}, "model": "resv.resvsegment", "pk": 329}, {"fields": {"blind": 6, "updated": "2014-09-15T02:56:26.137Z", "standby_state": 0, "end_date": "2014-09-15", "created": "2014-09-15T02:45:31.298Z", "resv": 279, "dog": 0, "game": 4, "dog_comment": "0", "standby_updated": "2000-01-01T08:00:00Z", "state": "Canceled", "start_date": "2014-09-15"}, "model": "resv.resvsegment", "pk": 330}, {"fields": {"blind": 6, "updated": "2014-09-15T03:21:58.385Z", "standby_state": 0, "end_date": "2014-09-15", "created": "2014-09-15T02:45:49.589Z", "resv": 280, "dog": 0, "game": 4, "dog_comment": "0", "standby_updated": "2000-01-01T08:00:00Z", "state": "Canceled", "start_date": "2014-09-15"}, "model": "resv.resvsegment", "pk": 331}, {"fields": {"blind": 34, "updated": "2014-09-15T02:55:36.206Z", "standby_state": 0, "end_date": "2014-09-15", "created": "2014-09-15T02:55:29.913Z", "resv": 281, "dog": 0, "game": 3, "dog_comment": "0", "standby_updated": "2000-01-01T08:00:00Z", "state": "Confirmed", "start_date": "2014-09-14"}, "model": "resv.resvsegment", "pk": 332}, {"fields": {"blind": 34, "updated": "2014-09-15T03:35:11.516Z", "standby_state": 0, "end_date": "2014-09-15", "created": "2014-09-15T02:55:58.556Z", "resv": 282, "dog": 0, "game": 3, "dog_comment": "0", "standby_updated": "2000-01-01T08:00:00Z", "state": "Canceled", "start_date": "2014-09-14"}, "model": "resv.resvsegment", "pk": 333}, {"fields": {"blind": 1, "updated": "2014-09-15T03:23:00.397Z", "standby_state": 0, "end_date": "2014-09-14", "created": "2014-09-15T03:22:54.706Z", "resv": 283, "dog": 0, "game": 1, "dog_comment": "0", "standby_updated": "2000-01-01T08:00:00Z", "state": "Confirmed", "start_date": "2014-09-14"}, "model": "resv.resvsegment", "pk": 334}, {"fields": {"blind": 35, "updated": "2014-09-15T03:24:23.297Z", "standby_state": 0, "end_date": "2014-09-14", "created": "2014-09-15T03:24:21.451Z", "resv": 284, "dog": 0, "game": 3, "dog_comment": "", "standby_updated": "2000-01-01T08:00:00Z", "state": "Canceled", "start_date": "2014-09-14"}, "model": "resv.resvsegment", "pk": 335}, {"fields": {"blind": 34, "updated": "2014-09-15T03:39:37.263Z", "standby_state": 0, "end_date": "2014-09-15", "created": "2014-09-15T03:37:03.570Z", "resv": 285, "dog": 0, "game": 3, "dog_comment": "0", "standby_updated": "2000-01-01T08:00:00Z", "state": "Canceled", "start_date": "2014-09-14"}, "model": "resv.resvsegment", "pk": 336}, {"fields": {"blind": 34, "updated": "2014-09-15T03:43:32.258Z", "standby_state": 0, "end_date": "2014-09-14", "created": "2014-09-15T03:40:10.262Z", "resv": 286, "dog": 0, "game": 3, "dog_comment": "0", "standby_updated": "2000-01-01T08:00:00Z", "state": "Canceled", "start_date": "2014-09-14"}, "model": "resv.resvsegment", "pk": 337}, {"fields": {"blind": 34, "updated": "2014-09-15T03:44:51.440Z", "standby_state": 0, "end_date": "2014-09-15", "created": "2014-09-15T03:43:49.855Z", "resv": 287, "dog": 0, "game": 3, "dog_comment": "0", "standby_updated": "2000-01-01T08:00:00Z", "state": "Canceled", "start_date": "2014-09-14"}, "model": "resv.resvsegment", "pk": 338}, {"fields": {"blind": 34, "updated": "2014-09-15T03:46:32.799Z", "standby_state": 0, "end_date": "2014-09-14", "created": "2014-09-15T03:45:07.123Z", "resv": 288, "dog": 0, "game": 3, "dog_comment": "0", "standby_updated": "2000-01-01T08:00:00Z", "state": "Canceled", "start_date": "2014-09-14"}, "model": "resv.resvsegment", "pk": 339}, {"fields": {"blind": 36, "updated": "2014-09-15T03:47:41.898Z", "standby_state": 0, "end_date": "2014-09-16", "created": "2014-09-15T03:46:44.371Z", "resv": 289, "dog": 0, "game": 3, "dog_comment": "0", "standby_updated": "2000-01-01T08:00:00Z", "state": "Canceled", "start_date": "2014-09-14"}, "model": "resv.resvsegment", "pk": 340}, {"fields": {"blind": 34, "updated": "2014-09-15T03:51:58.877Z", "standby_state": 0, "end_date": "2014-09-16", "created": "2014-09-15T03:48:57.372Z", "resv": 290, "dog": 0, "game": 3, "dog_comment": "0", "standby_updated": "2000-01-01T08:00:00Z", "state": "Canceled", "start_date": "2014-09-14"}, "model": "resv.resvsegment", "pk": 341}, {"fields": {"blind": 2, "updated": "2014-09-20T03:50:51.591Z", "standby_state": 0, "end_date": "2014-09-19", "created": "2014-09-20T03:50:51.591Z", "resv": 291, "dog": 0, "game": 1, "dog_comment": "", "standby_updated": "2000-01-01T08:00:00Z", "state": "Pending", "start_date": "2014-09-19"}, "model": "resv.resvsegment", "pk": 342}, {"fields": {"blind": 2, "updated": "2014-09-20T03:50:54.921Z", "standby_state": 0, "end_date": "2014-09-19", "created": "2014-09-20T03:50:54.921Z", "resv": 292, "dog": 0, "game": 1, "dog_comment": "", "standby_updated": "2000-01-01T08:00:00Z", "state": "Pending", "start_date": "2014-09-19"}, "model": "resv.resvsegment", "pk": 343}, {"fields": {"blind": 2, "updated": "2014-09-20T03:52:48.310Z", "standby_state": 0, "end_date": "2014-09-19", "created": "2014-09-20T03:52:48.310Z", "resv": 293, "dog": 0, "game": 1, "dog_comment": "", "standby_updated": "2000-01-01T08:00:00Z", "state": "Pending", "start_date": "2014-09-19"}, "model": "resv.resvsegment", "pk": 344}, {"fields": {"blind": 2, "updated": "2014-09-20T03:53:47.070Z", "standby_state": 0, "end_date": "2014-09-20", "created": "2014-09-20T03:53:47.070Z", "resv": 294, "dog": 0, "game": 1, "dog_comment": "", "standby_updated": "2000-01-01T08:00:00Z", "state": "Pending", "start_date": "2014-09-20"}, "model": "resv.resvsegment", "pk": 345}, {"fields": {"blind": 2, "updated": "2014-09-20T03:55:17.822Z", "standby_state": 0, "end_date": "2014-09-20", "created": "2014-09-20T03:55:17.822Z", "resv": 295, "dog": 0, "game": 1, "dog_comment": "", "standby_updated": "2000-01-01T08:00:00Z", "state": "Pending", "start_date": "2014-09-20"}, "model": "resv.resvsegment", "pk": 346}, {"fields": {"blind": 2, "updated": "2014-09-20T04:03:55.950Z", "standby_state": 0, "end_date": "2014-09-19", "created": "2014-09-20T04:03:06.680Z", "resv": 296, "dog": 0, "game": 1, "dog_comment": "0", "standby_updated": "2000-01-01T08:00:00Z", "state": "Canceled", "start_date": "2014-09-19"}, "model": "resv.resvsegment", "pk": 347}, {"fields": {"blind": 6, "updated": "2014-09-20T04:03:59.226Z", "standby_state": 0, "end_date": "2014-09-20", "created": "2014-09-20T04:03:27.737Z", "resv": 296, "dog": 0, "game": 4, "dog_comment": "0", "standby_updated": "2000-01-01T08:00:00Z", "state": "Canceled", "start_date": "2014-09-20"}, "model": "resv.resvsegment", "pk": 348}, {"fields": {"blind": 20, "updated": "2014-09-20T04:43:36.485Z", "standby_state": 0, "end_date": "2014-09-21", "created": "2014-09-20T04:43:22.920Z", "resv": 297, "dog": 0, "game": 1, "dog_comment": "0", "standby_updated": "2000-01-01T08:00:00Z", "state": "Canceled", "start_date": "2014-09-21"}, "model": "resv.resvsegment", "pk": 349}, {"fields": {"blind": 34, "updated": "2014-09-22T00:58:17.898Z", "standby_state": 0, "end_date": "2014-09-21", "created": "2014-09-20T22:03:54.314Z", "resv": 298, "dog": 0, "game": 3, "dog_comment": "0", "standby_updated": "2014-09-20T22:03:54.314Z", "state": "Confirmed", "start_date": "2014-09-20"}, "model": "resv.resvsegment", "pk": 350}, {"fields": {"blind": 1, "updated": "2014-09-22T00:50:53.474Z", "standby_state": 0, "end_date": "2014-09-21", "created": "2014-09-22T00:50:32.315Z", "resv": 299, "dog": 0, "game": 1, "dog_comment": "0", "standby_updated": "2014-09-22T00:50:32.315Z", "state": "Canceled", "start_date": "2014-09-21"}, "model": "resv.resvsegment", "pk": 351}, {"fields": {"blind": 6, "updated": "2014-09-22T00:51:36.177Z", "standby_state": 0, "end_date": "2014-09-21", "created": "2014-09-22T00:51:29.092Z", "resv": 300, "dog": 0, "game": 4, "dog_comment": "0", "standby_updated": "2014-09-22T00:51:29.092Z", "state": "Confirmed", "start_date": "2014-09-21"}, "model": "resv.resvsegment", "pk": 352}, {"fields": {"blind": 6, "updated": "2014-09-22T00:58:17.895Z", "standby_state": 0, "end_date": "2014-09-21", "created": "2014-09-22T00:51:48.113Z", "resv": 298, "dog": 0, "game": 4, "dog_comment": "0", "standby_updated": "2014-09-22T00:51:48.113Z", "state": "Standby", "start_date": "2014-09-21"}, "model": "resv.resvsegment", "pk": 353}, {"fields": {"name": "CA"}, "model": "resv.membershipstate", "pk": 1}, {"fields": {"name": "Big Game"}, "model": "resv.membershiptype", "pk": 1}, {"fields": {"name": "45"}, "model": "resv.membershipblock", "pk": 1}, {"fields": {"status": "Current"}, "model": "resv.membershipstatus", "pk": 1}, {"fields": {"membership_type": 1, "status": 1, "updated": "2007-07-28T05:50:40Z", "created": "2007-07-28T05:50:40Z", "resv_freeze": false, "number": "45126", "joined": "2007-07-27", "is_plus": false, "is_retired": false, "membership_state": 1, "block": 1}, "model": "resv.family", "pk": 1}, {"fields": {"membership_type": 1, "status": 1, "updated": "2007-07-28T05:50:40Z", "created": "2007-07-28T05:50:40Z", "resv_freeze": false, "number": "12345", "joined": "2007-07-27", "is_plus": false, "is_retired": false, "membership_state": 1, "block": 1}, "model": "resv.family", "pk": 2},  {"fields": {"updated": "2007-07-28T05:50:40Z", "last_name": "Hunter", "is_staff": false, "family": 2, "created": "2007-07-28T05:50:40Z", "id_number": "FL1231", "is_active": true, "first_name": "Bob", "is_superuser": false, "date_of_birth": "1980-12-31", "last_login": "2014-09-20T19:21:45.987Z", "groups": [], "user_permissions": [], "is_guest": "0", "password": "pbkdf2_sha256$20000$0aB4bJZeLbe6$UnD5En/4y0rKC0sSWav0gN3x5VQ76NNt8xU9mobZJX8=", "email": "bob@gmail.com"}, "model": "resv.person", "pk": 1}, {"fields": {"updated": "2007-07-28T05:50:40Z", "last_name": "Jackson", "is_staff": true, "family": 1, "created": "2007-07-28T05:50:40Z", "id_number": "FL1231", "is_active": true, "first_name": "Warren", "is_superuser": true, "date_of_birth": "1982-03-04", "last_login": "2014-09-20T19:21:45.989Z", "groups": [], "user_permissions": [], "is_guest": "0", "password": "pbkdf2_sha256$20000$0aB4bJZeLbe6$UnD5En/4y0rKC0sSWav0gN3x5VQ76NNt8xU9mobZJX8=", "email": "w@wj.io"}, "model": "resv.person", "pk": 2}, {"fields": {"updated": "2007-07-28T05:50:40Z", "last_name": "Owens", "is_staff": false, "family": 1, "created": "2007-07-28T05:50:40Z", "id_number": "NY1232", "is_active": true, "first_name": "Jenna", "is_superuser": false, "date_of_birth": "1982-03-04", "last_login": "2014-09-20T19:21:45.990Z", "groups": [], "user_permissions": [], "is_guest": "0", "password": "pbkdf2_sha256$20000$0aB4bJZeLbe6$UnD5En/4y0rKC0sSWav0gN3x5VQ76NNt8xU9mobZJX8=", "email": "j@wj.io"}, "model": "resv.person", "pk": 3}, {"fields": {"updated": "2007-07-28T05:50:40Z", "last_name": "Jackson", "is_staff": false, "family": 1, "created": "2007-07-28T05:50:40Z", "id_number": "FL1231", "is_active": true, "first_name": "Jarrett", "is_superuser": false, "date_of_birth": "1982-03-04", "last_login": "2014-09-20T19:21:45.991Z", "groups": [], "user_permissions": [], "is_guest": "0", "password": "pbkdf2_sha256$20000$0aB4bJZeLbe6$UnD5En/4y0rKC0sSWav0gN3x5VQ76NNt8xU9mobZJX8=", "email": "r@wj.io"}, "model": "resv.person", "pk": 4}, {"fields": {"updated": "2007-07-28T05:50:40Z", "last_name": "User", "is_staff": false, "family": 2, "created": "2007-07-28T05:50:40Z", "id_number": "FL1231", "is_active": true, "first_name": "Test", "is_superuser": false, "date_of_birth": "1950-01-01", "last_login": "2014-09-20T19:21:45.992Z", "groups": [], "user_permissions": [], "is_guest": "0", "password": "pbkdf2_sha256$20000$0aB4bJZeLbe6$UnD5En/4y0rKC0sSWav0gN3x5VQ76NNt8xU9mobZJX8=", "email": "test@user.io"}, "model": "resv.person", "pk": 5}, {"fields": {"updated": "2007-07-28T05:50:40Z", "last_name": "Member 1", "is_staff": false, "family": 2, "created": "2007-07-28T05:50:40Z", "id_number": "FL1231", "is_active": true, "first_name": "Family", "is_superuser": false, "date_of_birth": "1950-01-01", "last_login": "2014-09-20T19:21:45.993Z", "groups": [], "user_permissions": [], "is_guest": "0", "password": "pbkdf2_sha256$20000$0aB4bJZeLbe6$UnD5En/4y0rKC0sSWav0gN3x5VQ76NNt8xU9mobZJX8=", "email": "fm1@user.io"}, "model": "resv.person", "pk": 6}, {"fields": {"updated": "2007-07-28T05:50:40Z", "last_name": "Member 2", "is_staff": false, "family": 2, "created": "2007-07-28T05:50:40Z", "id_number": "FL1231", "is_active": true, "first_name": "Family", "is_superuser": false, "date_of_birth": "1950-01-01", "last_login": "2014-09-20T19:21:45.995Z", "groups": [], "user_permissions": [], "is_guest": "0", "password": "pbkdf2_sha256$20000$0aB4bJZeLbe6$UnD5En/4y0rKC0sSWav0gN3x5VQ76NNt8xU9mobZJX8=", "email": "fm2@user.io"}, "model": "resv.person", "pk": 7}, {"fields": {"updated": "2007-07-28T05:50:40Z", "last_name": "Member 3", "is_staff": false, "family": 2, "created": "2007-07-28T05:50:40Z", "id_number": "FL1231", "is_active": true, "first_name": "Family", "is_superuser": false, "date_of_birth": "1950-01-01", "last_login": "2014-09-20T19:21:45.996Z", "groups": [], "user_permissions": [], "is_guest": "0", "password": "pbkdf2_sha256$20000$0aB4bJZeLbe6$UnD5En/4y0rKC0sSWav0gN3x5VQ76NNt8xU9mobZJX8=", "email": "fm3@user.io"}, "model": "resv.person", "pk": 8}, {"fields": {"updated": "2007-07-28T05:50:40Z", "last_name": "Member 4", "is_staff": false, "family": 2, "created": "2007-07-28T05:50:40Z", "id_number": "FL1231", "is_active": true, "first_name": "Family", "is_superuser": false, "date_of_birth": "1950-01-01", "last_login": "2014-09-20T19:21:45.997Z", "groups": [], "user_permissions": [], "is_guest": "0", "password": "pbkdf2_sha256$20000$0aB4bJZeLbe6$UnD5En/4y0rKC0sSWav0gN3x5VQ76NNt8xU9mobZJX8=", "email": "fm4@user.io"}, "model": "resv.person", "pk": 9}, {"fields": {"updated": "2007-07-28T05:50:40Z", "last_name": "Member 5", "is_staff": false, "family": 2, "created": "2007-07-28T05:50:40Z", "id_number": "FL1231", "is_active": true, "first_name": "Family", "is_superuser": false, "date_of_birth": "1950-01-01", "last_login": "2014-09-20T19:21:45.998Z", "groups": [], "user_permissions": [], "is_guest": "0", "password": "pbkdf2_sha256$20000$0aB4bJZeLbe6$UnD5En/4y0rKC0sSWav0gN3x5VQ76NNt8xU9mobZJX8=", "email": "fm5@user.io"}, "model": "resv.person", "pk": 10}, {"fields": {"updated": "2014-05-03T19:12:53.033Z", "created": "2014-05-03T19:11:56.657Z", "person": 2, "is_hunting": true, "is_guest": true, "resv_segment": 1}, "model": "resv.resvsegmentperson", "pk": 1}, {"fields": {"updated": "2014-05-03T19:12:07.755Z", "created": "2014-05-03T19:12:07.755Z", "person": 2, "is_hunting": true, "is_guest": true, "resv_segment": 2}, "model": "resv.resvsegmentperson", "pk": 2}, {"fields": {"updated": "2014-05-03T19:12:36.373Z", "created": "2014-05-03T19:12:36.373Z", "person": 4, "is_hunting": true, "is_guest": true, "resv_segment": 3}, "model": "resv.resvsegmentperson", "pk": 3}, {"fields": {"updated": "2014-05-03T19:12:53.028Z", "created": "2014-05-03T19:12:53.027Z", "person": 3, "is_hunting": true, "is_guest": true, "resv_segment": 1}, "model": "resv.resvsegmentperson", "pk": 4}, {"fields": {"updated": "2014-05-03T19:14:14.610Z", "created": "2014-05-03T19:14:14.610Z", "person": 2, "is_hunting": true, "is_guest": true, "resv_segment": 4}, "model": "resv.resvsegmentperson", "pk": 5}, {"fields": {"updated": "2014-05-03T19:15:13.078Z", "created": "2014-05-03T19:15:13.078Z", "person": 2, "is_hunting": true, "is_guest": true, "resv_segment": 5}, "model": "resv.resvsegmentperson", "pk": 6}, {"fields": {"updated": "2014-05-03T19:15:53.116Z", "created": "2014-05-03T19:15:53.116Z", "person": 2, "is_hunting": true, "is_guest": true, "resv_segment": 6}, "model": "resv.resvsegmentperson", "pk": 7}, {"fields": {"updated": "2014-05-03T19:16:43.859Z", "created": "2014-05-03T19:16:43.859Z", "person": 2, "is_hunting": true, "is_guest": true, "resv_segment": 8}, "model": "resv.resvsegmentperson", "pk": 8}, {"fields": {"updated": "2014-05-03T19:17:10.638Z", "created": "2014-05-03T19:17:10.638Z", "person": 2, "is_hunting": true, "is_guest": true, "resv_segment": 9}, "model": "resv.resvsegmentperson", "pk": 9}, {"fields": {"updated": "2014-05-04T00:06:16.479Z", "created": "2014-05-04T00:06:16.479Z", "person": 2, "is_hunting": true, "is_guest": true, "resv_segment": 10}, "model": "resv.resvsegmentperson", "pk": 10}, {"fields": {"updated": "2014-05-04T00:08:52.227Z", "created": "2014-05-04T00:08:52.227Z", "person": 2, "is_hunting": true, "is_guest": true, "resv_segment": 11}, "model": "resv.resvsegmentperson", "pk": 11}, {"fields": {"updated": "2014-05-04T00:09:31.283Z", "created": "2014-05-04T00:09:31.283Z", "person": 2, "is_hunting": true, "is_guest": true, "resv_segment": 12}, "model": "resv.resvsegmentperson", "pk": 12}, {"fields": {"updated": "2014-05-09T01:52:07.559Z", "created": "2014-05-09T01:52:07.559Z", "person": 2, "is_hunting": true, "is_guest": true, "resv_segment": 13}, "model": "resv.resvsegmentperson", "pk": 13}, {"fields": {"updated": "2014-05-09T01:52:36.434Z", "created": "2014-05-09T01:52:36.434Z", "person": 3, "is_hunting": true, "is_guest": true, "resv_segment": 14}, "model": "resv.resvsegmentperson", "pk": 14}, {"fields": {"updated": "2014-05-09T01:55:05.491Z", "created": "2014-05-09T01:55:05.491Z", "person": 2, "is_hunting": true, "is_guest": true, "resv_segment": 15}, "model": "resv.resvsegmentperson", "pk": 15}, {"fields": {"updated": "2014-05-09T01:59:09.376Z", "created": "2014-05-09T01:59:09.376Z", "person": 2, "is_hunting": true, "is_guest": true, "resv_segment": 16}, "model": "resv.resvsegmentperson", "pk": 16}, {"fields": {"updated": "2014-05-09T02:11:55.423Z", "created": "2014-05-09T02:11:55.423Z", "person": 2, "is_hunting": true, "is_guest": true, "resv_segment": 18}, "model": "resv.resvsegmentperson", "pk": 17}, {"fields": {"updated": "2014-05-09T06:00:30.579Z", "created": "2014-05-09T06:00:30.579Z", "person": 3, "is_hunting": true, "is_guest": true, "resv_segment": 19}, "model": "resv.resvsegmentperson", "pk": 18}, {"fields": {"updated": "2014-05-09T06:00:30.583Z", "created": "2014-05-09T06:00:30.583Z", "person": 2, "is_hunting": true, "is_guest": true, "resv_segment": 19}, "model": "resv.resvsegmentperson", "pk": 19}, {"fields": {"updated": "2014-05-09T06:17:07.154Z", "created": "2014-05-09T06:17:07.154Z", "person": 2, "is_hunting": true, "is_guest": true, "resv_segment": 20}, "model": "resv.resvsegmentperson", "pk": 20}, {"fields": {"updated": "2014-05-09T06:19:12.685Z", "created": "2014-05-09T06:18:03.966Z", "person": 2, "is_hunting": true, "is_guest": true, "resv_segment": 21}, "model": "resv.resvsegmentperson", "pk": 21}, {"fields": {"updated": "2014-05-10T05:12:26.841Z", "created": "2014-05-10T05:12:26.841Z", "person": 3, "is_hunting": true, "is_guest": true, "resv_segment": 22}, "model": "resv.resvsegmentperson", "pk": 22}, {"fields": {"updated": "2014-05-10T05:12:26.846Z", "created": "2014-05-10T05:12:26.846Z", "person": 2, "is_hunting": true, "is_guest": true, "resv_segment": 22}, "model": "resv.resvsegmentperson", "pk": 23}, {"fields": {"updated": "2014-05-10T05:12:44.560Z", "created": "2014-05-10T05:12:44.560Z", "person": 3, "is_hunting": true, "is_guest": true, "resv_segment": 23}, "model": "resv.resvsegmentperson", "pk": 24}, {"fields": {"updated": "2014-05-10T05:38:53.733Z", "created": "2014-05-10T05:38:53.733Z", "person": 2, "is_hunting": true, "is_guest": true, "resv_segment": 24}, "model": "resv.resvsegmentperson", "pk": 25}, {"fields": {"updated": "2014-05-10T17:53:57.360Z", "created": "2014-05-10T17:53:57.360Z", "person": 4, "is_hunting": true, "is_guest": true, "resv_segment": 25}, "model": "resv.resvsegmentperson", "pk": 26}, {"fields": {"updated": "2014-05-10T17:58:07.803Z", "created": "2014-05-10T17:58:07.803Z", "person": 3, "is_hunting": true, "is_guest": true, "resv_segment": 26}, "model": "resv.resvsegmentperson", "pk": 27}, {"fields": {"updated": "2014-05-12T01:57:44.261Z", "created": "2014-05-12T01:57:44.261Z", "person": 2, "is_hunting": true, "is_guest": true, "resv_segment": 27}, "model": "resv.resvsegmentperson", "pk": 28}, {"fields": {"updated": "2014-05-13T05:17:39.451Z", "created": "2014-05-13T05:07:46.563Z", "person": 2, "is_hunting": true, "is_guest": true, "resv_segment": 28}, "model": "resv.resvsegmentperson", "pk": 29}, {"fields": {"updated": "2014-05-13T05:13:25.724Z", "created": "2014-05-13T05:12:50.440Z", "person": 3, "is_hunting": true, "is_guest": true, "resv_segment": 28}, "model": "resv.resvsegmentperson", "pk": 30}, {"fields": {"updated": "2014-05-13T05:13:25.716Z", "created": "2014-05-13T05:13:06.031Z", "person": 4, "is_hunting": true, "is_guest": true, "resv_segment": 28}, "model": "resv.resvsegmentperson", "pk": 31}, {"fields": {"updated": "2014-05-13T05:21:53.404Z", "created": "2014-05-13T05:21:53.404Z", "person": 2, "is_hunting": true, "is_guest": true, "resv_segment": 29}, "model": "resv.resvsegmentperson", "pk": 32}, {"fields": {"updated": "2014-05-13T05:24:46.851Z", "created": "2014-05-13T05:24:46.851Z", "person": 4, "is_hunting": true, "is_guest": true, "resv_segment": 30}, "model": "resv.resvsegmentperson", "pk": 33}, {"fields": {"updated": "2014-05-13T05:25:18.280Z", "created": "2014-05-13T05:25:18.280Z", "person": 4, "is_hunting": true, "is_guest": true, "resv_segment": 31}, "model": "resv.resvsegmentperson", "pk": 34}, {"fields": {"updated": "2014-05-13T05:27:07.989Z", "created": "2014-05-13T05:27:07.989Z", "person": 2, "is_hunting": true, "is_guest": true, "resv_segment": 34}, "model": "resv.resvsegmentperson", "pk": 35}, {"fields": {"updated": "2014-05-13T05:27:14.767Z", "created": "2014-05-13T05:27:14.767Z", "person": 2, "is_hunting": true, "is_guest": true, "resv_segment": 35}, "model": "resv.resvsegmentperson", "pk": 36}, {"fields": {"updated": "2014-05-13T05:27:21.432Z", "created": "2014-05-13T05:27:21.432Z", "person": 2, "is_hunting": true, "is_guest": true, "resv_segment": 36}, "model": "resv.resvsegmentperson", "pk": 37}, {"fields": {"updated": "2014-05-13T05:39:39.684Z", "created": "2014-05-13T05:39:39.684Z", "person": 2, "is_hunting": true, "is_guest": true, "resv_segment": 37}, "model": "resv.resvsegmentperson", "pk": 38}, {"fields": {"updated": "2014-05-14T04:23:33.925Z", "created": "2014-05-13T05:39:51.958Z", "person": 2, "is_hunting": true, "is_guest": true, "resv_segment": 38}, "model": "resv.resvsegmentperson", "pk": 39}, {"fields": {"updated": "2014-05-14T04:04:27.384Z", "created": "2014-05-14T04:04:27.384Z", "person": 2, "is_hunting": true, "is_guest": true, "resv_segment": 39}, "model": "resv.resvsegmentperson", "pk": 40}, {"fields": {"updated": "2014-05-14T04:04:35.728Z", "created": "2014-05-14T04:04:35.727Z", "person": 2, "is_hunting": true, "is_guest": true, "resv_segment": 40}, "model": "resv.resvsegmentperson", "pk": 41}, {"fields": {"updated": "2014-05-14T04:04:43.371Z", "created": "2014-05-14T04:04:43.371Z", "person": 2, "is_hunting": true, "is_guest": true, "resv_segment": 41}, "model": "resv.resvsegmentperson", "pk": 42}, {"fields": {"updated": "2014-05-14T04:06:45.582Z", "created": "2014-05-14T04:06:45.582Z", "person": 2, "is_hunting": true, "is_guest": true, "resv_segment": 42}, "model": "resv.resvsegmentperson", "pk": 43}, {"fields": {"updated": "2014-05-14T04:06:52.479Z", "created": "2014-05-14T04:06:52.479Z", "person": 2, "is_hunting": true, "is_guest": true, "resv_segment": 43}, "model": "resv.resvsegmentperson", "pk": 44}, {"fields": {"updated": "2014-05-14T04:07:20.760Z", "created": "2014-05-14T04:07:20.760Z", "person": 2, "is_hunting": true, "is_guest": true, "resv_segment": 44}, "model": "resv.resvsegmentperson", "pk": 45}, {"fields": {"updated": "2014-05-14T04:12:38.659Z", "created": "2014-05-14T04:12:38.659Z", "person": 2, "is_hunting": true, "is_guest": true, "resv_segment": 45}, "model": "resv.resvsegmentperson", "pk": 46}, {"fields": {"updated": "2014-05-14T04:13:23.341Z", "created": "2014-05-14T04:12:47.954Z", "person": 2, "is_hunting": true, "is_guest": true, "resv_segment": 46}, "model": "resv.resvsegmentperson", "pk": 47}, {"fields": {"updated": "2014-05-14T04:13:05.068Z", "created": "2014-05-14T04:13:05.068Z", "person": 2, "is_hunting": true, "is_guest": true, "resv_segment": 47}, "model": "resv.resvsegmentperson", "pk": 48}, {"fields": {"updated": "2014-05-14T05:07:38.246Z", "created": "2014-05-14T05:07:38.246Z", "person": 2, "is_hunting": true, "is_guest": true, "resv_segment": 48}, "model": "resv.resvsegmentperson", "pk": 49}, {"fields": {"updated": "2014-05-14T05:07:51.426Z", "created": "2014-05-14T05:07:51.426Z", "person": 2, "is_hunting": true, "is_guest": true, "resv_segment": 49}, "model": "resv.resvsegmentperson", "pk": 50}, {"fields": {"updated": "2014-05-14T05:08:17.832Z", "created": "2014-05-14T05:08:17.832Z", "person": 2, "is_hunting": true, "is_guest": true, "resv_segment": 50}, "model": "resv.resvsegmentperson", "pk": 51}, {"fields": {"updated": "2014-05-14T05:25:37.452Z", "created": "2014-05-14T05:25:37.452Z", "person": 2, "is_hunting": true, "is_guest": true, "resv_segment": 51}, "model": "resv.resvsegmentperson", "pk": 52}, {"fields": {"updated": "2014-05-16T01:37:41.648Z", "created": "2014-05-16T01:37:41.648Z", "person": 2, "is_hunting": true, "is_guest": true, "resv_segment": 52}, "model": "resv.resvsegmentperson", "pk": 53}, {"fields": {"updated": "2014-05-25T19:08:57.914Z", "created": "2014-05-25T19:08:57.914Z", "person": 2, "is_hunting": true, "is_guest": true, "resv_segment": 53}, "model": "resv.resvsegmentperson", "pk": 54}, {"fields": {"updated": "2014-05-25T23:44:02.197Z", "created": "2014-05-25T23:44:02.197Z", "person": 2, "is_hunting": true, "is_guest": true, "resv_segment": 54}, "model": "resv.resvsegmentperson", "pk": 55}, {"fields": {"updated": "2014-05-26T00:01:02.553Z", "created": "2014-05-26T00:01:02.553Z", "person": 2, "is_hunting": true, "is_guest": true, "resv_segment": 55}, "model": "resv.resvsegmentperson", "pk": 56}, {"fields": {"updated": "2014-05-26T00:13:56.875Z", "created": "2014-05-26T00:13:56.875Z", "person": 2, "is_hunting": true, "is_guest": true, "resv_segment": 56}, "model": "resv.resvsegmentperson", "pk": 57}, {"fields": {"updated": "2014-05-26T18:35:21.792Z", "created": "2014-05-26T18:35:14.727Z", "person": 2, "is_hunting": true, "is_guest": true, "resv_segment": 57}, "model": "resv.resvsegmentperson", "pk": 58}, {"fields": {"updated": "2014-05-26T18:40:38.933Z", "created": "2014-05-26T18:40:21.917Z", "person": 2, "is_hunting": true, "is_guest": true, "resv_segment": 58}, "model": "resv.resvsegmentperson", "pk": 59}, {"fields": {"updated": "2014-05-26T19:35:02.427Z", "created": "2014-05-26T19:35:02.427Z", "person": 2, "is_hunting": true, "is_guest": true, "resv_segment": 59}, "model": "resv.resvsegmentperson", "pk": 60}, {"fields": {"updated": "2014-05-26T19:37:20.554Z", "created": "2014-05-26T19:37:20.554Z", "person": 4, "is_hunting": true, "is_guest": true, "resv_segment": 60}, "model": "resv.resvsegmentperson", "pk": 61}, {"fields": {"updated": "2014-05-26T19:37:20.559Z", "created": "2014-05-26T19:37:20.559Z", "person": 3, "is_hunting": true, "is_guest": true, "resv_segment": 60}, "model": "resv.resvsegmentperson", "pk": 62}, {"fields": {"updated": "2014-05-27T05:24:01.721Z", "created": "2014-05-27T05:24:01.721Z", "person": 2, "is_hunting": true, "is_guest": true, "resv_segment": 61}, "model": "resv.resvsegmentperson", "pk": 63}, {"fields": {"updated": "2014-05-28T04:17:21.881Z", "created": "2014-05-28T04:17:21.881Z", "person": 2, "is_hunting": true, "is_guest": true, "resv_segment": 62}, "model": "resv.resvsegmentperson", "pk": 64}, {"fields": {"updated": "2014-05-28T04:20:15.443Z", "created": "2014-05-28T04:20:15.443Z", "person": 2, "is_hunting": true, "is_guest": true, "resv_segment": 63}, "model": "resv.resvsegmentperson", "pk": 65}, {"fields": {"updated": "2014-05-28T04:22:40.241Z", "created": "2014-05-28T04:22:40.241Z", "person": 2, "is_hunting": true, "is_guest": true, "resv_segment": 64}, "model": "resv.resvsegmentperson", "pk": 66}, {"fields": {"updated": "2014-05-28T05:27:54.004Z", "created": "2014-05-28T05:27:54.004Z", "person": 2, "is_hunting": true, "is_guest": true, "resv_segment": 65}, "model": "resv.resvsegmentperson", "pk": 67}, {"fields": {"updated": "2014-05-28T05:33:48.150Z", "created": "2014-05-28T05:33:26.644Z", "person": 2, "is_hunting": true, "is_guest": true, "resv_segment": 66}, "model": "resv.resvsegmentperson", "pk": 68}, {"fields": {"updated": "2014-05-28T05:34:39.807Z", "created": "2014-05-28T05:34:39.807Z", "person": 3, "is_hunting": true, "is_guest": true, "resv_segment": 67}, "model": "resv.resvsegmentperson", "pk": 69}, {"fields": {"updated": "2014-05-28T05:34:51.019Z", "created": "2014-05-28T05:34:39.813Z", "person": 2, "is_hunting": true, "is_guest": true, "resv_segment": 67}, "model": "resv.resvsegmentperson", "pk": 70}, {"fields": {"updated": "2014-05-28T05:34:51.024Z", "created": "2014-05-28T05:34:51.024Z", "person": 4, "is_hunting": true, "is_guest": true, "resv_segment": 67}, "model": "resv.resvsegmentperson", "pk": 71}, {"fields": {"updated": "2014-05-28T05:35:20.917Z", "created": "2014-05-28T05:35:20.917Z", "person": 3, "is_hunting": true, "is_guest": true, "resv_segment": 68}, "model": "resv.resvsegmentperson", "pk": 72}, {"fields": {"updated": "2014-05-28T05:35:20.924Z", "created": "2014-05-28T05:35:20.924Z", "person": 2, "is_hunting": true, "is_guest": true, "resv_segment": 68}, "model": "resv.resvsegmentperson", "pk": 73}, {"fields": {"updated": "2014-05-28T05:35:49.729Z", "created": "2014-05-28T05:35:49.729Z", "person": 4, "is_hunting": true, "is_guest": true, "resv_segment": 69}, "model": "resv.resvsegmentperson", "pk": 74}, {"fields": {"updated": "2014-05-28T05:35:49.734Z", "created": "2014-05-28T05:35:49.734Z", "person": 2, "is_hunting": true, "is_guest": true, "resv_segment": 69}, "model": "resv.resvsegmentperson", "pk": 75}, {"fields": {"updated": "2014-05-28T05:36:06.064Z", "created": "2014-05-28T05:36:06.064Z", "person": 2, "is_hunting": true, "is_guest": true, "resv_segment": 70}, "model": "resv.resvsegmentperson", "pk": 76}, {"fields": {"updated": "2014-05-28T05:37:37.645Z", "created": "2014-05-28T05:37:37.645Z", "person": 2, "is_hunting": true, "is_guest": true, "resv_segment": 71}, "model": "resv.resvsegmentperson", "pk": 77}, {"fields": {"updated": "2014-05-28T05:41:26.861Z", "created": "2014-05-28T05:41:26.861Z", "person": 2, "is_hunting": true, "is_guest": true, "resv_segment": 72}, "model": "resv.resvsegmentperson", "pk": 78}, {"fields": {"updated": "2014-05-31T01:24:52.325Z", "created": "2014-05-31T01:24:52.325Z", "person": 2, "is_hunting": true, "is_guest": true, "resv_segment": 74}, "model": "resv.resvsegmentperson", "pk": 79}, {"fields": {"updated": "2014-05-31T19:04:56.420Z", "created": "2014-05-31T19:04:56.419Z", "person": 2, "is_hunting": true, "is_guest": true, "resv_segment": 75}, "model": "resv.resvsegmentperson", "pk": 80}, {"fields": {"updated": "2014-05-31T19:05:27.208Z", "created": "2014-05-31T19:05:27.208Z", "person": 3, "is_hunting": true, "is_guest": true, "resv_segment": 76}, "model": "resv.resvsegmentperson", "pk": 81}, {"fields": {"updated": "2014-05-31T19:05:27.214Z", "created": "2014-05-31T19:05:27.214Z", "person": 2, "is_hunting": true, "is_guest": true, "resv_segment": 76}, "model": "resv.resvsegmentperson", "pk": 82}, {"fields": {"updated": "2014-05-31T19:06:06.123Z", "created": "2014-05-31T19:06:06.123Z", "person": 2, "is_hunting": true, "is_guest": true, "resv_segment": 78}, "model": "resv.resvsegmentperson", "pk": 85}, {"fields": {"updated": "2014-06-01T01:45:49.470Z", "created": "2014-05-31T21:52:14.613Z", "person": 2, "is_hunting": true, "is_guest": true, "resv_segment": 79}, "model": "resv.resvsegmentperson", "pk": 86}, {"fields": {"updated": "2014-05-31T22:03:01.052Z", "created": "2014-05-31T22:03:01.052Z", "person": 3, "is_hunting": false, "is_guest": true, "resv_segment": 80}, "model": "resv.resvsegmentperson", "pk": 87}, {"fields": {"updated": "2014-05-31T22:03:01.056Z", "created": "2014-05-31T22:03:01.056Z", "person": 2, "is_hunting": true, "is_guest": true, "resv_segment": 80}, "model": "resv.resvsegmentperson", "pk": 88}, {"fields": {"updated": "2014-07-01T17:06:09.870Z", "created": "2014-07-01T17:06:09.870Z", "person": 3, "is_hunting": true, "is_guest": true, "resv_segment": 91}, "model": "resv.resvsegmentperson", "pk": 107}, {"fields": {"updated": "2014-07-01T22:06:01.474Z", "created": "2014-07-01T22:06:01.474Z", "person": 3, "is_hunting": true, "is_guest": true, "resv_segment": 92}, "model": "resv.resvsegmentperson", "pk": 108}, {"fields": {"updated": "2014-07-01T22:06:01.479Z", "created": "2014-07-01T22:06:01.479Z", "person": 2, "is_hunting": true, "is_guest": true, "resv_segment": 92}, "model": "resv.resvsegmentperson", "pk": 109}, {"fields": {"updated": "2014-07-01T22:06:01.482Z", "created": "2014-07-01T22:06:01.482Z", "person": 4, "is_hunting": true, "is_guest": true, "resv_segment": 92}, "model": "resv.resvsegmentperson", "pk": 110}, {"fields": {"updated": "2014-08-20T00:25:58.721Z", "created": "2014-08-20T00:25:58.721Z", "person": 2, "is_hunting": true, "is_guest": true, "resv_segment": 93}, "model": "resv.resvsegmentperson", "pk": 111}, {"fields": {"updated": "2014-08-20T00:26:10.709Z", "created": "2014-08-20T00:26:10.709Z", "person": 2, "is_hunting": true, "is_guest": true, "resv_segment": 94}, "model": "resv.resvsegmentperson", "pk": 112}, {"fields": {"updated": "2014-08-20T00:26:30.023Z", "created": "2014-08-20T00:26:30.023Z", "person": 2, "is_hunting": true, "is_guest": true, "resv_segment": 95}, "model": "resv.resvsegmentperson", "pk": 113}, {"fields": {"updated": "2014-08-20T00:52:38.810Z", "created": "2014-08-20T00:52:38.810Z", "person": 2, "is_hunting": true, "is_guest": true, "resv_segment": 96}, "model": "resv.resvsegmentperson", "pk": 114}, {"fields": {"updated": "2014-08-20T00:53:40.415Z", "created": "2014-08-20T00:53:40.415Z", "person": 2, "is_hunting": true, "is_guest": true, "resv_segment": 97}, "model": "resv.resvsegmentperson", "pk": 115}, {"fields": {"updated": "2014-08-20T00:57:14.854Z", "created": "2014-08-20T00:57:14.854Z", "person": 2, "is_hunting": true, "is_guest": true, "resv_segment": 98}, "model": "resv.resvsegmentperson", "pk": 116}, {"fields": {"updated": "2014-08-20T00:57:49.157Z", "created": "2014-08-20T00:57:49.157Z", "person": 2, "is_hunting": true, "is_guest": true, "resv_segment": 100}, "model": "resv.resvsegmentperson", "pk": 117}, {"fields": {"updated": "2014-08-20T00:58:00.946Z", "created": "2014-08-20T00:58:00.946Z", "person": 2, "is_hunting": true, "is_guest": true, "resv_segment": 99}, "model": "resv.resvsegmentperson", "pk": 118}, {"fields": {"updated": "2014-08-26T05:28:05.762Z", "created": "2014-08-26T05:28:05.762Z", "person": 3, "is_hunting": true, "is_guest": true, "resv_segment": 161}, "model": "resv.resvsegmentperson", "pk": 119}, {"fields": {"updated": "2014-08-26T05:35:41.516Z", "created": "2014-08-26T05:35:41.516Z", "person": 3, "is_hunting": true, "is_guest": true, "resv_segment": 163}, "model": "resv.resvsegmentperson", "pk": 120}, {"fields": {"updated": "2014-08-26T05:37:40.278Z", "created": "2014-08-26T05:37:40.278Z", "person": 3, "is_hunting": true, "is_guest": true, "resv_segment": 164}, "model": "resv.resvsegmentperson", "pk": 121}, {"fields": {"updated": "2014-08-26T05:39:02.775Z", "created": "2014-08-26T05:39:02.774Z", "person": 3, "is_hunting": true, "is_guest": true, "resv_segment": 165}, "model": "resv.resvsegmentperson", "pk": 122}, {"fields": {"updated": "2014-08-26T05:47:42.490Z", "created": "2014-08-26T05:47:42.490Z", "person": 3, "is_hunting": true, "is_guest": true, "resv_segment": 168}, "model": "resv.resvsegmentperson", "pk": 123}, {"fields": {"updated": "2014-08-26T05:49:54.328Z", "created": "2014-08-26T05:49:54.328Z", "person": 3, "is_hunting": true, "is_guest": true, "resv_segment": 170}, "model": "resv.resvsegmentperson", "pk": 124}, {"fields": {"updated": "2014-08-26T05:50:05.279Z", "created": "2014-08-26T05:50:05.279Z", "person": 2, "is_hunting": true, "is_guest": true, "resv_segment": 170}, "model": "resv.resvsegmentperson", "pk": 125}, {"fields": {"updated": "2014-08-26T05:52:51.458Z", "created": "2014-08-26T05:52:51.458Z", "person": 3, "is_hunting": true, "is_guest": true, "resv_segment": 172}, "model": "resv.resvsegmentperson", "pk": 126}, {"fields": {"updated": "2014-08-26T05:53:46.742Z", "created": "2014-08-26T05:53:46.742Z", "person": 3, "is_hunting": true, "is_guest": true, "resv_segment": 173}, "model": "resv.resvsegmentperson", "pk": 127}, {"fields": {"updated": "2014-08-26T05:53:51.424Z", "created": "2014-08-26T05:53:51.424Z", "person": 2, "is_hunting": true, "is_guest": true, "resv_segment": 173}, "model": "resv.resvsegmentperson", "pk": 128}, {"fields": {"updated": "2014-08-26T05:57:49.161Z", "created": "2014-08-26T05:57:49.161Z", "person": 2, "is_hunting": true, "is_guest": true, "resv_segment": 174}, "model": "resv.resvsegmentperson", "pk": 130}, {"fields": {"updated": "2014-08-26T11:44:02.275Z", "created": "2014-08-26T11:44:02.275Z", "person": 3, "is_hunting": true, "is_guest": true, "resv_segment": 175}, "model": "resv.resvsegmentperson", "pk": 131}, {"fields": {"updated": "2014-08-26T11:44:06.734Z", "created": "2014-08-26T11:44:06.734Z", "person": 2, "is_hunting": true, "is_guest": true, "resv_segment": 175}, "model": "resv.resvsegmentperson", "pk": 132}, {"fields": {"updated": "2014-08-26T11:47:08.917Z", "created": "2014-08-26T11:47:08.917Z", "person": 2, "is_hunting": true, "is_guest": true, "resv_segment": 176}, "model": "resv.resvsegmentperson", "pk": 134}, {"fields": {"updated": "2014-08-26T11:47:12.136Z", "created": "2014-08-26T11:47:12.136Z", "person": 3, "is_hunting": true, "is_guest": true, "resv_segment": 176}, "model": "resv.resvsegmentperson", "pk": 135}, {"fields": {"updated": "2014-08-26T11:48:39.897Z", "created": "2014-08-26T11:48:39.897Z", "person": 4, "is_hunting": true, "is_guest": true, "resv_segment": 176}, "model": "resv.resvsegmentperson", "pk": 136}, {"fields": {"updated": "2014-08-26T11:53:54.568Z", "created": "2014-08-26T11:53:54.568Z", "person": 3, "is_hunting": true, "is_guest": true, "resv_segment": 177}, "model": "resv.resvsegmentperson", "pk": 137}, {"fields": {"updated": "2014-08-26T11:53:58.548Z", "created": "2014-08-26T11:53:58.548Z", "person": 4, "is_hunting": true, "is_guest": true, "resv_segment": 177}, "model": "resv.resvsegmentperson", "pk": 138}, {"fields": {"updated": "2014-08-26T11:57:19.068Z", "created": "2014-08-26T11:57:19.068Z", "person": 2, "is_hunting": true, "is_guest": true, "resv_segment": 178}, "model": "resv.resvsegmentperson", "pk": 139}, {"fields": {"updated": "2014-08-26T11:57:23.589Z", "created": "2014-08-26T11:57:23.589Z", "person": 4, "is_hunting": true, "is_guest": true, "resv_segment": 178}, "model": "resv.resvsegmentperson", "pk": 140}, {"fields": {"updated": "2014-08-26T12:10:05.892Z", "created": "2014-08-26T12:10:05.892Z", "person": 2, "is_hunting": true, "is_guest": true, "resv_segment": 180}, "model": "resv.resvsegmentperson", "pk": 141}, {"fields": {"updated": "2014-08-26T12:10:12.654Z", "created": "2014-08-26T12:10:12.654Z", "person": 3, "is_hunting": true, "is_guest": true, "resv_segment": 180}, "model": "resv.resvsegmentperson", "pk": 142}, {"fields": {"updated": "2014-08-26T12:13:28.934Z", "created": "2014-08-26T12:13:28.934Z", "person": 2, "is_hunting": true, "is_guest": true, "resv_segment": 181}, "model": "resv.resvsegmentperson", "pk": 143}, {"fields": {"updated": "2014-08-26T12:13:34.884Z", "created": "2014-08-26T12:13:34.884Z", "person": 3, "is_hunting": true, "is_guest": true, "resv_segment": 181}, "model": "resv.resvsegmentperson", "pk": 144}, {"fields": {"updated": "2014-08-26T12:16:15.188Z", "created": "2014-08-26T12:16:15.188Z", "person": 2, "is_hunting": true, "is_guest": true, "resv_segment": 182}, "model": "resv.resvsegmentperson", "pk": 145}, {"fields": {"updated": "2014-08-26T12:16:18.275Z", "created": "2014-08-26T12:16:18.275Z", "person": 3, "is_hunting": false, "is_guest": true, "resv_segment": 182}, "model": "resv.resvsegmentperson", "pk": 146}, {"fields": {"updated": "2014-08-26T12:16:29.382Z", "created": "2014-08-26T12:16:29.382Z", "person": 4, "is_hunting": false, "is_guest": true, "resv_segment": 182}, "model": "resv.resvsegmentperson", "pk": 147}, {"fields": {"updated": "2014-08-26T12:18:54.961Z", "created": "2014-08-26T12:18:54.961Z", "person": 2, "is_hunting": true, "is_guest": true, "resv_segment": 183}, "model": "resv.resvsegmentperson", "pk": 148}, {"fields": {"updated": "2014-08-26T12:30:43.625Z", "created": "2014-08-26T12:30:43.625Z", "person": 2, "is_hunting": true, "is_guest": true, "resv_segment": 184}, "model": "resv.resvsegmentperson", "pk": 149}, {"fields": {"updated": "2014-08-26T12:30:47.951Z", "created": "2014-08-26T12:30:47.951Z", "person": 3, "is_hunting": false, "is_guest": true, "resv_segment": 184}, "model": "resv.resvsegmentperson", "pk": 150}, {"fields": {"updated": "2014-08-26T12:34:58.855Z", "created": "2014-08-26T12:34:58.855Z", "person": 2, "is_hunting": true, "is_guest": true, "resv_segment": 185}, "model": "resv.resvsegmentperson", "pk": 151}, {"fields": {"updated": "2014-08-26T12:35:03.490Z", "created": "2014-08-26T12:35:03.490Z", "person": 3, "is_hunting": false, "is_guest": true, "resv_segment": 185}, "model": "resv.resvsegmentperson", "pk": 152}, {"fields": {"updated": "2014-08-26T12:38:12.602Z", "created": "2014-08-26T12:38:12.602Z", "person": 4, "is_hunting": true, "is_guest": true, "resv_segment": 186}, "model": "resv.resvsegmentperson", "pk": 153}, {"fields": {"updated": "2014-08-26T12:38:17.749Z", "created": "2014-08-26T12:38:17.748Z", "person": 2, "is_hunting": true, "is_guest": true, "resv_segment": 186}, "model": "resv.resvsegmentperson", "pk": 154}, {"fields": {"updated": "2014-08-26T12:40:42.263Z", "created": "2014-08-26T12:40:42.263Z", "person": 2, "is_hunting": true, "is_guest": true, "resv_segment": 187}, "model": "resv.resvsegmentperson", "pk": 155}, {"fields": {"updated": "2014-08-26T12:40:48.975Z", "created": "2014-08-26T12:40:48.975Z", "person": 3, "is_hunting": false, "is_guest": true, "resv_segment": 187}, "model": "resv.resvsegmentperson", "pk": 156}, {"fields": {"updated": "2014-08-27T00:47:45.757Z", "created": "2014-08-27T00:47:45.756Z", "person": 2, "is_hunting": true, "is_guest": true, "resv_segment": 201}, "model": "resv.resvsegmentperson", "pk": 157}, {"fields": {"updated": "2014-08-27T00:48:34.588Z", "created": "2014-08-27T00:48:34.588Z", "person": 2, "is_hunting": true, "is_guest": true, "resv_segment": 202}, "model": "resv.resvsegmentperson", "pk": 158}, {"fields": {"updated": "2014-08-27T00:48:50.424Z", "created": "2014-08-27T00:48:50.424Z", "person": 2, "is_hunting": true, "is_guest": true, "resv_segment": 203}, "model": "resv.resvsegmentperson", "pk": 159}, {"fields": {"updated": "2014-08-30T16:27:10.677Z", "created": "2014-08-30T16:27:10.677Z", "person": 2, "is_hunting": true, "is_guest": true, "resv_segment": 204}, "model": "resv.resvsegmentperson", "pk": 160}, {"fields": {"updated": "2014-08-30T16:38:12.228Z", "created": "2014-08-30T16:38:12.228Z", "person": 2, "is_hunting": true, "is_guest": true, "resv_segment": 210}, "model": "resv.resvsegmentperson", "pk": 161}, {"fields": {"updated": "2014-08-30T16:40:27.858Z", "created": "2014-08-30T16:40:27.858Z", "person": 2, "is_hunting": true, "is_guest": true, "resv_segment": 212}, "model": "resv.resvsegmentperson", "pk": 162}, {"fields": {"updated": "2014-08-30T16:46:25.022Z", "created": "2014-08-30T16:46:25.022Z", "person": 2, "is_hunting": true, "is_guest": true, "resv_segment": 214}, "model": "resv.resvsegmentperson", "pk": 163}, {"fields": {"updated": "2014-08-30T16:46:53.566Z", "created": "2014-08-30T16:46:53.566Z", "person": 2, "is_hunting": true, "is_guest": true, "resv_segment": 215}, "model": "resv.resvsegmentperson", "pk": 164}, {"fields": {"updated": "2014-08-30T16:47:26.874Z", "created": "2014-08-30T16:47:26.874Z", "person": 2, "is_hunting": true, "is_guest": true, "resv_segment": 216}, "model": "resv.resvsegmentperson", "pk": 165}, {"fields": {"updated": "2014-08-30T16:47:45.455Z", "created": "2014-08-30T16:47:45.455Z", "person": 2, "is_hunting": true, "is_guest": true, "resv_segment": 217}, "model": "resv.resvsegmentperson", "pk": 166}, {"fields": {"updated": "2014-09-01T15:52:03.211Z", "created": "2014-09-01T15:52:03.211Z", "person": 2, "is_hunting": true, "is_guest": true, "resv_segment": 218}, "model": "resv.resvsegmentperson", "pk": 167}, {"fields": {"updated": "2014-09-01T15:58:04.044Z", "created": "2014-09-01T15:58:04.044Z", "person": 2, "is_hunting": true, "is_guest": true, "resv_segment": 219}, "model": "resv.resvsegmentperson", "pk": 168}, {"fields": {"updated": "2014-09-01T16:00:19.805Z", "created": "2014-09-01T16:00:19.805Z", "person": 2, "is_hunting": true, "is_guest": true, "resv_segment": 220}, "model": "resv.resvsegmentperson", "pk": 169}, {"fields": {"updated": "2014-09-01T16:15:05.623Z", "created": "2014-09-01T16:15:05.623Z", "person": 2, "is_hunting": true, "is_guest": true, "resv_segment": 221}, "model": "resv.resvsegmentperson", "pk": 170}, {"fields": {"updated": "2014-09-01T16:40:08.711Z", "created": "2014-09-01T16:40:08.711Z", "person": 2, "is_hunting": true, "is_guest": true, "resv_segment": 222}, "model": "resv.resvsegmentperson", "pk": 171}, {"fields": {"updated": "2014-09-01T16:41:11.011Z", "created": "2014-09-01T16:41:11.011Z", "person": 2, "is_hunting": true, "is_guest": true, "resv_segment": 223}, "model": "resv.resvsegmentperson", "pk": 172}, {"fields": {"updated": "2014-09-01T16:41:40.690Z", "created": "2014-09-01T16:41:40.690Z", "person": 2, "is_hunting": true, "is_guest": true, "resv_segment": 224}, "model": "resv.resvsegmentperson", "pk": 173}, {"fields": {"updated": "2014-09-01T16:41:57.218Z", "created": "2014-09-01T16:41:57.218Z", "person": 2, "is_hunting": true, "is_guest": true, "resv_segment": 225}, "model": "resv.resvsegmentperson", "pk": 174}, {"fields": {"updated": "2014-09-01T17:56:55.091Z", "created": "2014-09-01T17:56:55.091Z", "person": 2, "is_hunting": true, "is_guest": true, "resv_segment": 226}, "model": "resv.resvsegmentperson", "pk": 175}, {"fields": {"updated": "2014-09-01T17:58:41.919Z", "created": "2014-09-01T17:58:41.919Z", "person": 2, "is_hunting": true, "is_guest": true, "resv_segment": 227}, "model": "resv.resvsegmentperson", "pk": 176}, {"fields": {"updated": "2014-09-01T17:59:00.369Z", "created": "2014-09-01T17:59:00.369Z", "person": 2, "is_hunting": true, "is_guest": true, "resv_segment": 228}, "model": "resv.resvsegmentperson", "pk": 177}, {"fields": {"updated": "2014-09-01T18:16:53.855Z", "created": "2014-09-01T18:16:53.855Z", "person": 2, "is_hunting": true, "is_guest": true, "resv_segment": 229}, "model": "resv.resvsegmentperson", "pk": 178}, {"fields": {"updated": "2014-09-01T18:17:09.584Z", "created": "2014-09-01T18:17:09.584Z", "person": 2, "is_hunting": true, "is_guest": true, "resv_segment": 230}, "model": "resv.resvsegmentperson", "pk": 179}, {"fields": {"updated": "2014-09-01T18:17:29.036Z", "created": "2014-09-01T18:17:29.036Z", "person": 2, "is_hunting": true, "is_guest": true, "resv_segment": 231}, "model": "resv.resvsegmentperson", "pk": 180}, {"fields": {"updated": "2014-09-01T18:41:42.282Z", "created": "2014-09-01T18:41:42.282Z", "person": 2, "is_hunting": true, "is_guest": true, "resv_segment": 232}, "model": "resv.resvsegmentperson", "pk": 181}, {"fields": {"updated": "2014-09-01T18:41:59.128Z", "created": "2014-09-01T18:41:59.128Z", "person": 2, "is_hunting": true, "is_guest": true, "resv_segment": 233}, "model": "resv.resvsegmentperson", "pk": 182}, {"fields": {"updated": "2014-09-01T18:42:12.215Z", "created": "2014-09-01T18:42:12.215Z", "person": 2, "is_hunting": true, "is_guest": true, "resv_segment": 234}, "model": "resv.resvsegmentperson", "pk": 183}, {"fields": {"updated": "2014-09-01T18:48:27.708Z", "created": "2014-09-01T18:48:27.708Z", "person": 2, "is_hunting": true, "is_guest": true, "resv_segment": 235}, "model": "resv.resvsegmentperson", "pk": 184}, {"fields": {"updated": "2014-09-01T18:48:42.474Z", "created": "2014-09-01T18:48:42.474Z", "person": 2, "is_hunting": true, "is_guest": true, "resv_segment": 236}, "model": "resv.resvsegmentperson", "pk": 185}, {"fields": {"updated": "2014-09-01T18:49:02.209Z", "created": "2014-09-01T18:49:02.209Z", "person": 2, "is_hunting": true, "is_guest": true, "resv_segment": 237}, "model": "resv.resvsegmentperson", "pk": 186}, {"fields": {"updated": "2014-09-01T19:04:51.192Z", "created": "2014-09-01T19:04:51.192Z", "person": 2, "is_hunting": true, "is_guest": true, "resv_segment": 238}, "model": "resv.resvsegmentperson", "pk": 187}, {"fields": {"updated": "2014-09-01T19:05:03.667Z", "created": "2014-09-01T19:05:03.667Z", "person": 2, "is_hunting": true, "is_guest": true, "resv_segment": 239}, "model": "resv.resvsegmentperson", "pk": 188}, {"fields": {"updated": "2014-09-01T19:05:23.109Z", "created": "2014-09-01T19:05:23.109Z", "person": 2, "is_hunting": true, "is_guest": true, "resv_segment": 240}, "model": "resv.resvsegmentperson", "pk": 189}, {"fields": {"updated": "2014-09-01T19:06:41.548Z", "created": "2014-09-01T19:06:41.548Z", "person": 2, "is_hunting": true, "is_guest": true, "resv_segment": 241}, "model": "resv.resvsegmentperson", "pk": 190}, {"fields": {"updated": "2014-09-01T19:20:53.668Z", "created": "2014-09-01T19:20:53.668Z", "person": 2, "is_hunting": true, "is_guest": true, "resv_segment": 242}, "model": "resv.resvsegmentperson", "pk": 191}, {"fields": {"updated": "2014-09-01T19:21:27.005Z", "created": "2014-09-01T19:21:27.004Z", "person": 2, "is_hunting": true, "is_guest": true, "resv_segment": 243}, "model": "resv.resvsegmentperson", "pk": 192}, {"fields": {"updated": "2014-09-01T19:21:41.174Z", "created": "2014-09-01T19:21:41.173Z", "person": 2, "is_hunting": true, "is_guest": true, "resv_segment": 244}, "model": "resv.resvsegmentperson", "pk": 193}, {"fields": {"updated": "2014-09-01T19:26:02.018Z", "created": "2014-09-01T19:26:02.018Z", "person": 2, "is_hunting": true, "is_guest": true, "resv_segment": 245}, "model": "resv.resvsegmentperson", "pk": 194}, {"fields": {"updated": "2014-09-01T19:26:15.393Z", "created": "2014-09-01T19:26:15.393Z", "person": 2, "is_hunting": true, "is_guest": true, "resv_segment": 246}, "model": "resv.resvsegmentperson", "pk": 195}, {"fields": {"updated": "2014-09-01T19:26:28.677Z", "created": "2014-09-01T19:26:28.677Z", "person": 2, "is_hunting": true, "is_guest": true, "resv_segment": 247}, "model": "resv.resvsegmentperson", "pk": 196}, {"fields": {"updated": "2014-09-03T05:32:07.838Z", "created": "2014-09-03T05:32:07.838Z", "person": 2, "is_hunting": true, "is_guest": true, "resv_segment": 248}, "model": "resv.resvsegmentperson", "pk": 197}, {"fields": {"updated": "2014-09-03T05:32:23.488Z", "created": "2014-09-03T05:32:23.488Z", "person": 2, "is_hunting": true, "is_guest": true, "resv_segment": 249}, "model": "resv.resvsegmentperson", "pk": 198}, {"fields": {"updated": "2014-09-03T05:35:57.311Z", "created": "2014-09-03T05:35:57.311Z", "person": 3, "is_hunting": false, "is_guest": true, "resv_segment": 248}, "model": "resv.resvsegmentperson", "pk": 199}, {"fields": {"updated": "2014-09-03T05:37:23.698Z", "created": "2014-09-03T05:37:23.698Z", "person": 2, "is_hunting": true, "is_guest": true, "resv_segment": 250}, "model": "resv.resvsegmentperson", "pk": 200}, {"fields": {"updated": "2014-09-03T05:37:54.033Z", "created": "2014-09-03T05:37:54.033Z", "person": 2, "is_hunting": true, "is_guest": true, "resv_segment": 251}, "model": "resv.resvsegmentperson", "pk": 201}, {"fields": {"updated": "2014-09-03T05:38:06.102Z", "created": "2014-09-03T05:38:06.102Z", "person": 2, "is_hunting": true, "is_guest": true, "resv_segment": 252}, "model": "resv.resvsegmentperson", "pk": 202}, {"fields": {"updated": "2014-09-04T01:47:19.169Z", "created": "2014-09-04T01:47:19.169Z", "person": 2, "is_hunting": true, "is_guest": true, "resv_segment": 254}, "model": "resv.resvsegmentperson", "pk": 203}, {"fields": {"updated": "2014-09-04T01:51:21.729Z", "created": "2014-09-04T01:51:21.728Z", "person": 2, "is_hunting": true, "is_guest": true, "resv_segment": 256}, "model": "resv.resvsegmentperson", "pk": 204}, {"fields": {"updated": "2014-09-04T01:58:05.334Z", "created": "2014-09-04T01:58:05.334Z", "person": 2, "is_hunting": true, "is_guest": true, "resv_segment": 257}, "model": "resv.resvsegmentperson", "pk": 205}, {"fields": {"updated": "2014-09-04T01:58:30.431Z", "created": "2014-09-04T01:58:30.431Z", "person": 2, "is_hunting": true, "is_guest": true, "resv_segment": 258}, "model": "resv.resvsegmentperson", "pk": 206}, {"fields": {"updated": "2014-09-04T01:59:16.142Z", "created": "2014-09-04T01:59:16.142Z", "person": 2, "is_hunting": true, "is_guest": true, "resv_segment": 259}, "model": "resv.resvsegmentperson", "pk": 207}, {"fields": {"updated": "2014-09-04T01:59:34.414Z", "created": "2014-09-04T01:59:34.414Z", "person": 2, "is_hunting": true, "is_guest": true, "resv_segment": 260}, "model": "resv.resvsegmentperson", "pk": 208}, {"fields": {"updated": "2014-09-04T01:59:48.036Z", "created": "2014-09-04T01:59:48.036Z", "person": 2, "is_hunting": true, "is_guest": true, "resv_segment": 261}, "model": "resv.resvsegmentperson", "pk": 209}, {"fields": {"updated": "2014-09-04T02:01:20.534Z", "created": "2014-09-04T02:01:20.534Z", "person": 3, "is_hunting": true, "is_guest": true, "resv_segment": 261}, "model": "resv.resvsegmentperson", "pk": 210}, {"fields": {"updated": "2014-09-04T02:01:40.267Z", "created": "2014-09-04T02:01:40.267Z", "person": 2, "is_hunting": true, "is_guest": true, "resv_segment": 262}, "model": "resv.resvsegmentperson", "pk": 211}, {"fields": {"updated": "2014-09-04T02:05:47.580Z", "created": "2014-09-04T02:05:47.580Z", "person": 2, "is_hunting": true, "is_guest": true, "resv_segment": 263}, "model": "resv.resvsegmentperson", "pk": 212}, {"fields": {"updated": "2014-09-04T05:12:57.141Z", "created": "2014-09-04T05:12:57.141Z", "person": 2, "is_hunting": true, "is_guest": true, "resv_segment": 264}, "model": "resv.resvsegmentperson", "pk": 213}, {"fields": {"updated": "2014-09-04T05:15:33.142Z", "created": "2014-09-04T05:15:33.142Z", "person": 2, "is_hunting": true, "is_guest": true, "resv_segment": 265}, "model": "resv.resvsegmentperson", "pk": 214}, {"fields": {"updated": "2014-09-04T05:27:06.318Z", "created": "2014-09-04T05:27:06.318Z", "person": 2, "is_hunting": true, "is_guest": true, "resv_segment": 266}, "model": "resv.resvsegmentperson", "pk": 215}, {"fields": {"updated": "2014-09-04T05:29:02.145Z", "created": "2014-09-04T05:29:02.145Z", "person": 2, "is_hunting": true, "is_guest": true, "resv_segment": 267}, "model": "resv.resvsegmentperson", "pk": 216}, {"fields": {"updated": "2014-09-04T05:33:08.244Z", "created": "2014-09-04T05:33:08.244Z", "person": 2, "is_hunting": true, "is_guest": true, "resv_segment": 268}, "model": "resv.resvsegmentperson", "pk": 217}, {"fields": {"updated": "2014-09-04T05:36:44.467Z", "created": "2014-09-04T05:36:44.467Z", "person": 2, "is_hunting": true, "is_guest": true, "resv_segment": 269}, "model": "resv.resvsegmentperson", "pk": 218}, {"fields": {"updated": "2014-09-04T05:38:51.855Z", "created": "2014-09-04T05:38:51.855Z", "person": 2, "is_hunting": true, "is_guest": true, "resv_segment": 270}, "model": "resv.resvsegmentperson", "pk": 219}, {"fields": {"updated": "2014-09-04T05:40:50.862Z", "created": "2014-09-04T05:40:50.862Z", "person": 2, "is_hunting": true, "is_guest": true, "resv_segment": 271}, "model": "resv.resvsegmentperson", "pk": 220}, {"fields": {"updated": "2014-09-04T05:43:06.695Z", "created": "2014-09-04T05:43:06.695Z", "person": 2, "is_hunting": true, "is_guest": true, "resv_segment": 272}, "model": "resv.resvsegmentperson", "pk": 221}, {"fields": {"updated": "2014-09-04T05:44:35.973Z", "created": "2014-09-04T05:44:35.973Z", "person": 2, "is_hunting": true, "is_guest": true, "resv_segment": 273}, "model": "resv.resvsegmentperson", "pk": 222}, {"fields": {"updated": "2014-09-04T05:45:03.513Z", "created": "2014-09-04T05:45:03.513Z", "person": 2, "is_hunting": true, "is_guest": true, "resv_segment": 274}, "model": "resv.resvsegmentperson", "pk": 223}, {"fields": {"updated": "2014-09-04T05:52:06.378Z", "created": "2014-09-04T05:52:06.378Z", "person": 2, "is_hunting": true, "is_guest": true, "resv_segment": 275}, "model": "resv.resvsegmentperson", "pk": 224}, {"fields": {"updated": "2014-09-04T05:53:50.061Z", "created": "2014-09-04T05:53:50.061Z", "person": 2, "is_hunting": true, "is_guest": true, "resv_segment": 276}, "model": "resv.resvsegmentperson", "pk": 225}, {"fields": {"updated": "2014-09-06T02:46:21.514Z", "created": "2014-09-06T02:46:21.514Z", "person": 2, "is_hunting": true, "is_guest": true, "resv_segment": 277}, "model": "resv.resvsegmentperson", "pk": 226}, {"fields": {"updated": "2014-09-06T02:48:01.788Z", "created": "2014-09-06T02:48:01.788Z", "person": 2, "is_hunting": true, "is_guest": true, "resv_segment": 278}, "model": "resv.resvsegmentperson", "pk": 227}, {"fields": {"updated": "2014-09-06T02:48:39.932Z", "created": "2014-09-06T02:48:39.932Z", "person": 2, "is_hunting": true, "is_guest": true, "resv_segment": 279}, "model": "resv.resvsegmentperson", "pk": 228}, {"fields": {"updated": "2014-09-06T02:49:47.104Z", "created": "2014-09-06T02:49:47.104Z", "person": 2, "is_hunting": true, "is_guest": true, "resv_segment": 280}, "model": "resv.resvsegmentperson", "pk": 229}, {"fields": {"updated": "2014-09-06T02:50:29.683Z", "created": "2014-09-06T02:50:29.683Z", "person": 2, "is_hunting": true, "is_guest": true, "resv_segment": 281}, "model": "resv.resvsegmentperson", "pk": 230}, {"fields": {"updated": "2014-09-06T02:57:53.867Z", "created": "2014-09-06T02:57:53.867Z", "person": 2, "is_hunting": true, "is_guest": true, "resv_segment": 282}, "model": "resv.resvsegmentperson", "pk": 231}, {"fields": {"updated": "2014-09-06T02:59:20.688Z", "created": "2014-09-06T02:59:20.688Z", "person": 2, "is_hunting": true, "is_guest": true, "resv_segment": 283}, "model": "resv.resvsegmentperson", "pk": 232}, {"fields": {"updated": "2014-09-06T02:59:55.478Z", "created": "2014-09-06T02:59:55.478Z", "person": 2, "is_hunting": true, "is_guest": true, "resv_segment": 284}, "model": "resv.resvsegmentperson", "pk": 233}, {"fields": {"updated": "2014-09-06T03:03:59.035Z", "created": "2014-09-06T03:03:59.035Z", "person": 2, "is_hunting": true, "is_guest": true, "resv_segment": 286}, "model": "resv.resvsegmentperson", "pk": 234}, {"fields": {"updated": "2014-09-06T03:05:01.949Z", "created": "2014-09-06T03:05:01.949Z", "person": 2, "is_hunting": true, "is_guest": true, "resv_segment": 287}, "model": "resv.resvsegmentperson", "pk": 235}, {"fields": {"updated": "2014-09-06T03:12:25.108Z", "created": "2014-09-06T03:12:25.108Z", "person": 2, "is_hunting": true, "is_guest": true, "resv_segment": 288}, "model": "resv.resvsegmentperson", "pk": 236}, {"fields": {"updated": "2014-09-06T03:13:24.655Z", "created": "2014-09-06T03:13:24.655Z", "person": 2, "is_hunting": true, "is_guest": true, "resv_segment": 289}, "model": "resv.resvsegmentperson", "pk": 237}, {"fields": {"updated": "2014-09-06T04:42:15.624Z", "created": "2014-09-06T04:42:15.624Z", "person": 2, "is_hunting": true, "is_guest": true, "resv_segment": 291}, "model": "resv.resvsegmentperson", "pk": 238}, {"fields": {"updated": "2014-09-06T04:44:53.973Z", "created": "2014-09-06T04:44:53.973Z", "person": 2, "is_hunting": true, "is_guest": true, "resv_segment": 292}, "model": "resv.resvsegmentperson", "pk": 239}, {"fields": {"updated": "2014-09-06T04:47:16.525Z", "created": "2014-09-06T04:47:16.525Z", "person": 2, "is_hunting": true, "is_guest": true, "resv_segment": 293}, "model": "resv.resvsegmentperson", "pk": 240}, {"fields": {"updated": "2014-09-06T04:48:30.411Z", "created": "2014-09-06T04:48:30.411Z", "person": 2, "is_hunting": true, "is_guest": true, "resv_segment": 294}, "model": "resv.resvsegmentperson", "pk": 241}, {"fields": {"updated": "2014-09-06T04:52:17.672Z", "created": "2014-09-06T04:52:17.672Z", "person": 2, "is_hunting": true, "is_guest": true, "resv_segment": 295}, "model": "resv.resvsegmentperson", "pk": 242}, {"fields": {"updated": "2014-09-06T04:54:19.042Z", "created": "2014-09-06T04:54:19.042Z", "person": 2, "is_hunting": true, "is_guest": true, "resv_segment": 296}, "model": "resv.resvsegmentperson", "pk": 243}, {"fields": {"updated": "2014-09-06T04:59:40.064Z", "created": "2014-09-06T04:59:40.064Z", "person": 2, "is_hunting": true, "is_guest": true, "resv_segment": 297}, "model": "resv.resvsegmentperson", "pk": 244}, {"fields": {"updated": "2014-09-06T05:00:18.327Z", "created": "2014-09-06T05:00:18.327Z", "person": 4, "is_hunting": true, "is_guest": true, "resv_segment": 298}, "model": "resv.resvsegmentperson", "pk": 245}, {"fields": {"updated": "2014-09-06T05:05:15.129Z", "created": "2014-09-06T05:05:15.129Z", "person": 3, "is_hunting": true, "is_guest": true, "resv_segment": 299}, "model": "resv.resvsegmentperson", "pk": 246}, {"fields": {"updated": "2014-09-06T05:07:42.662Z", "created": "2014-09-06T05:07:42.662Z", "person": 4, "is_hunting": true, "is_guest": true, "resv_segment": 300}, "model": "resv.resvsegmentperson", "pk": 247}, {"fields": {"updated": "2014-09-06T05:09:04.495Z", "created": "2014-09-06T05:09:04.495Z", "person": 4, "is_hunting": true, "is_guest": true, "resv_segment": 301}, "model": "resv.resvsegmentperson", "pk": 248}, {"fields": {"updated": "2014-09-06T05:11:53.561Z", "created": "2014-09-06T05:11:53.561Z", "person": 4, "is_hunting": true, "is_guest": true, "resv_segment": 302}, "model": "resv.resvsegmentperson", "pk": 249}, {"fields": {"updated": "2014-09-06T15:59:39.947Z", "created": "2014-09-06T15:59:39.947Z", "person": 4, "is_hunting": true, "is_guest": true, "resv_segment": 303}, "model": "resv.resvsegmentperson", "pk": 250}, {"fields": {"updated": "2014-09-06T16:00:04.326Z", "created": "2014-09-06T16:00:04.326Z", "person": 2, "is_hunting": true, "is_guest": true, "resv_segment": 304}, "model": "resv.resvsegmentperson", "pk": 251}, {"fields": {"updated": "2014-09-06T17:27:29.581Z", "created": "2014-09-06T17:27:29.581Z", "person": 2, "is_hunting": true, "is_guest": true, "resv_segment": 305}, "model": "resv.resvsegmentperson", "pk": 252}, {"fields": {"updated": "2014-09-06T17:31:11.320Z", "created": "2014-09-06T17:31:11.320Z", "person": 2, "is_hunting": true, "is_guest": true, "resv_segment": 306}, "model": "resv.resvsegmentperson", "pk": 253}, {"fields": {"updated": "2014-09-06T17:35:43.366Z", "created": "2014-09-06T17:35:43.366Z", "person": 2, "is_hunting": true, "is_guest": true, "resv_segment": 308}, "model": "resv.resvsegmentperson", "pk": 254}, {"fields": {"updated": "2014-09-06T17:36:49.822Z", "created": "2014-09-06T17:36:49.822Z", "person": 4, "is_hunting": true, "is_guest": true, "resv_segment": 309}, "model": "resv.resvsegmentperson", "pk": 255}, {"fields": {"updated": "2014-09-10T03:29:50.525Z", "created": "2014-09-10T03:29:50.525Z", "person": 2, "is_hunting": true, "is_guest": true, "resv_segment": 310}, "model": "resv.resvsegmentperson", "pk": 256}, {"fields": {"updated": "2014-09-10T03:31:25.591Z", "created": "2014-09-10T03:31:25.591Z", "person": 2, "is_hunting": true, "is_guest": true, "resv_segment": 311}, "model": "resv.resvsegmentperson", "pk": 257}, {"fields": {"updated": "2014-09-10T03:32:19.708Z", "created": "2014-09-10T03:32:19.708Z", "person": 2, "is_hunting": true, "is_guest": true, "resv_segment": 312}, "model": "resv.resvsegmentperson", "pk": 258}, {"fields": {"updated": "2014-09-10T03:35:19.464Z", "created": "2014-09-10T03:35:19.464Z", "person": 2, "is_hunting": true, "is_guest": true, "resv_segment": 313}, "model": "resv.resvsegmentperson", "pk": 259}, {"fields": {"updated": "2014-09-10T03:38:27.774Z", "created": "2014-09-10T03:38:27.774Z", "person": 2, "is_hunting": true, "is_guest": true, "resv_segment": 314}, "model": "resv.resvsegmentperson", "pk": 260}, {"fields": {"updated": "2014-09-10T03:39:45.262Z", "created": "2014-09-10T03:39:45.262Z", "person": 2, "is_hunting": true, "is_guest": true, "resv_segment": 315}, "model": "resv.resvsegmentperson", "pk": 261}, {"fields": {"updated": "2014-09-10T03:41:09.283Z", "created": "2014-09-10T03:41:09.283Z", "person": 2, "is_hunting": true, "is_guest": true, "resv_segment": 316}, "model": "resv.resvsegmentperson", "pk": 262}, {"fields": {"updated": "2014-09-10T03:43:27.367Z", "created": "2014-09-10T03:43:27.367Z", "person": 2, "is_hunting": true, "is_guest": true, "resv_segment": 317}, "model": "resv.resvsegmentperson", "pk": 263}, {"fields": {"updated": "2014-09-10T03:43:58.197Z", "created": "2014-09-10T03:43:58.197Z", "person": 2, "is_hunting": true, "is_guest": true, "resv_segment": 318}, "model": "resv.resvsegmentperson", "pk": 264}, {"fields": {"updated": "2014-09-10T03:44:18.350Z", "created": "2014-09-10T03:44:18.350Z", "person": 2, "is_hunting": true, "is_guest": true, "resv_segment": 319}, "model": "resv.resvsegmentperson", "pk": 265}, {"fields": {"updated": "2014-09-10T03:45:31.787Z", "created": "2014-09-10T03:45:31.787Z", "person": 2, "is_hunting": true, "is_guest": true, "resv_segment": 320}, "model": "resv.resvsegmentperson", "pk": 266}, {"fields": {"updated": "2014-09-10T03:45:53.564Z", "created": "2014-09-10T03:45:53.564Z", "person": 2, "is_hunting": true, "is_guest": true, "resv_segment": 321}, "model": "resv.resvsegmentperson", "pk": 267}, {"fields": {"updated": "2014-09-10T03:46:17.934Z", "created": "2014-09-10T03:46:17.934Z", "person": 4, "is_hunting": true, "is_guest": true, "resv_segment": 322}, "model": "resv.resvsegmentperson", "pk": 268}, {"fields": {"updated": "2014-09-10T03:54:46.987Z", "created": "2014-09-10T03:54:46.987Z", "person": 2, "is_hunting": true, "is_guest": true, "resv_segment": 323}, "model": "resv.resvsegmentperson", "pk": 269}, {"fields": {"updated": "2014-09-10T03:55:06.840Z", "created": "2014-09-10T03:55:06.840Z", "person": 4, "is_hunting": true, "is_guest": true, "resv_segment": 324}, "model": "resv.resvsegmentperson", "pk": 270}, {"fields": {"updated": "2014-09-10T03:57:17.754Z", "created": "2014-09-10T03:57:17.754Z", "person": 2, "is_hunting": true, "is_guest": true, "resv_segment": 325}, "model": "resv.resvsegmentperson", "pk": 271}, {"fields": {"updated": "2014-09-10T03:57:43.966Z", "created": "2014-09-10T03:57:43.966Z", "person": 4, "is_hunting": true, "is_guest": true, "resv_segment": 326}, "model": "resv.resvsegmentperson", "pk": 273}, {"fields": {"updated": "2014-09-10T03:59:07.803Z", "created": "2014-09-10T03:59:07.803Z", "person": 4, "is_hunting": true, "is_guest": true, "resv_segment": 327}, "model": "resv.resvsegmentperson", "pk": 274}, {"fields": {"updated": "2014-09-10T04:05:30.688Z", "created": "2014-09-10T04:05:30.688Z", "person": 4, "is_hunting": true, "is_guest": true, "resv_segment": 329}, "model": "resv.resvsegmentperson", "pk": 275}, {"fields": {"updated": "2014-09-15T02:45:34.268Z", "created": "2014-09-15T02:45:34.268Z", "person": 2, "is_hunting": true, "is_guest": true, "resv_segment": 330}, "model": "resv.resvsegmentperson", "pk": 276}, {"fields": {"updated": "2014-09-15T02:45:56.768Z", "created": "2014-09-15T02:45:56.768Z", "person": 4, "is_hunting": true, "is_guest": true, "resv_segment": 331}, "model": "resv.resvsegmentperson", "pk": 277}, {"fields": {"updated": "2014-09-15T02:56:01.474Z", "created": "2014-09-15T02:56:01.474Z", "person": 2, "is_hunting": true, "is_guest": true, "resv_segment": 333}, "model": "resv.resvsegmentperson", "pk": 278}, {"fields": {"updated": "2014-09-15T03:37:07.154Z", "created": "2014-09-15T03:37:07.154Z", "person": 2, "is_hunting": true, "is_guest": true, "resv_segment": 336}, "model": "resv.resvsegmentperson", "pk": 279}, {"fields": {"updated": "2014-09-15T03:40:16.081Z", "created": "2014-09-15T03:40:16.081Z", "person": 2, "is_hunting": true, "is_guest": true, "resv_segment": 337}, "model": "resv.resvsegmentperson", "pk": 280}, {"fields": {"updated": "2014-09-15T03:43:53.038Z", "created": "2014-09-15T03:43:53.038Z", "person": 2, "is_hunting": true, "is_guest": true, "resv_segment": 338}, "model": "resv.resvsegmentperson", "pk": 281}, {"fields": {"updated": "2014-09-15T03:45:09.775Z", "created": "2014-09-15T03:45:09.775Z", "person": 2, "is_hunting": true, "is_guest": true, "resv_segment": 339}, "model": "resv.resvsegmentperson", "pk": 282}, {"fields": {"updated": "2014-09-15T03:46:47.044Z", "created": "2014-09-15T03:46:47.044Z", "person": 2, "is_hunting": true, "is_guest": true, "resv_segment": 340}, "model": "resv.resvsegmentperson", "pk": 283}, {"fields": {"updated": "2014-09-15T03:49:00.539Z", "created": "2014-09-15T03:49:00.539Z", "person": 2, "is_hunting": true, "is_guest": true, "resv_segment": 341}, "model": "resv.resvsegmentperson", "pk": 284}, {"fields": {"updated": "2014-09-20T04:03:14.039Z", "created": "2014-09-20T04:03:14.039Z", "person": 2, "is_hunting": true, "is_guest": true, "resv_segment": 347}, "model": "resv.resvsegmentperson", "pk": 285}, {"fields": {"updated": "2014-09-20T04:03:30.422Z", "created": "2014-09-20T04:03:30.422Z", "person": 2, "is_hunting": true, "is_guest": true, "resv_segment": 348}, "model": "resv.resvsegmentperson", "pk": 286}, {"fields": {"updated": "2014-09-20T04:43:26.909Z", "created": "2014-09-20T04:43:26.909Z", "person": 2, "is_hunting": true, "is_guest": true, "resv_segment": 349}, "model": "resv.resvsegmentperson", "pk": 287}, {"fields": {"updated": "2014-09-20T22:03:58.072Z", "created": "2014-09-20T22:03:58.072Z", "person": 2, "is_hunting": true, "is_guest": true, "resv_segment": 350}, "model": "resv.resvsegmentperson", "pk": 288}, {"fields": {"updated": "2014-09-22T00:50:37.084Z", "created": "2014-09-22T00:50:37.084Z", "person": 2, "is_hunting": true, "is_guest": true, "resv_segment": 351}, "model": "resv.resvsegmentperson", "pk": 289}, {"fields": {"updated": "2014-09-22T00:51:33.044Z", "created": "2014-09-22T00:51:33.044Z", "person": 4, "is_hunting": true, "is_guest": true, "resv_segment": 352}, "model": "resv.resvsegmentperson", "pk": 290}, {"fields": {"updated": "2014-09-22T00:51:52.904Z", "created": "2014-09-22T00:51:52.904Z", "person": 2, "is_hunting": true, "is_guest": true, "resv_segment": 353}, "model": "resv.resvsegmentperson", "pk": 291}, {"fields": {"owner": 2, "updated": "2014-09-20T04:37:17.767Z", "state": "Canceled", "created": "2014-05-03T19:11:56.647Z"}, "model": "resv.resv", "pk": 1}, {"fields": {"owner": 2, "updated": "2014-09-20T04:37:17.787Z", "state": "Canceled", "created": "2014-05-03T19:14:14.599Z"}, "model": "resv.resv", "pk": 2}, {"fields": {"owner": 2, "updated": "2014-09-20T04:37:17.761Z", "state": "Canceled", "created": "2014-05-03T19:15:13.069Z"}, "model": "resv.resv", "pk": 3}, {"fields": {"owner": 2, "updated": "2014-09-20T04:37:17.515Z", "state": "Canceled", "created": "2014-05-03T19:15:53.108Z"}, "model": "resv.resv", "pk": 4}, {"fields": {"owner": 2, "updated": "2014-09-20T04:37:17.536Z", "state": "Canceled", "created": "2014-05-04T00:06:16.469Z"}, "model": "resv.resv", "pk": 5}, {"fields": {"owner": 2, "updated": "2014-09-20T04:37:17.553Z", "state": "Canceled", "created": "2014-05-09T01:52:07.527Z"}, "model": "resv.resv", "pk": 6}, {"fields": {"owner": 2, "updated": "2014-09-20T04:37:17.493Z", "state": "Confirmed", "created": "2014-05-09T01:52:36.424Z"}, "model": "resv.resv", "pk": 7}, {"fields": {"owner": 2, "updated": "2014-09-20T04:37:17.559Z", "state": "Canceled", "created": "2014-05-09T01:55:05.481Z"}, "model": "resv.resv", "pk": 8}, {"fields": {"owner": 2, "updated": "2014-09-20T04:37:17.774Z", "state": "Canceled", "created": "2014-05-09T01:59:09.367Z"}, "model": "resv.resv", "pk": 9}, {"fields": {"owner": 2, "updated": "2014-09-20T04:37:17.734Z", "state": "Confirmed", "created": "2014-05-09T02:09:14.561Z"}, "model": "resv.resv", "pk": 10}, {"fields": {"owner": 2, "updated": "2014-09-20T04:37:17.509Z", "state": "Canceled", "created": "2014-05-09T02:11:55.414Z"}, "model": "resv.resv", "pk": 11}, {"fields": {"owner": 2, "updated": "2014-09-20T04:37:17.739Z", "state": "Canceled", "created": "2014-05-09T06:00:30.567Z"}, "model": "resv.resv", "pk": 12}, {"fields": {"owner": 2, "updated": "2014-09-20T04:37:17.780Z", "state": "Canceled", "created": "2014-05-09T06:17:07.144Z"}, "model": "resv.resv", "pk": 13}, {"fields": {"owner": 2, "updated": "2014-09-20T04:37:17.792Z", "state": "Canceled", "created": "2014-05-09T06:18:03.955Z"}, "model": "resv.resv", "pk": 14}, {"fields": {"owner": 2, "updated": "2014-09-20T04:37:17.592Z", "state": "Canceled", "created": "2014-05-10T05:12:26.819Z"}, "model": "resv.resv", "pk": 15}, {"fields": {"owner": 2, "updated": "2014-09-20T04:37:17.597Z", "state": "Canceled", "created": "2014-05-10T05:38:53.723Z"}, "model": "resv.resv", "pk": 16}, {"fields": {"owner": 2, "updated": "2014-09-20T04:37:17.800Z", "state": "Canceled", "created": "2014-05-10T17:53:57.347Z"}, "model": "resv.resv", "pk": 17}, {"fields": {"owner": 2, "updated": "2014-09-20T04:37:17.806Z", "state": "Canceled", "created": "2014-05-10T17:58:07.791Z"}, "model": "resv.resv", "pk": 18}, {"fields": {"owner": 2, "updated": "2014-09-20T04:37:17.811Z", "state": "Canceled", "created": "2014-05-12T01:57:44.246Z"}, "model": "resv.resv", "pk": 19}, {"fields": {"owner": 2, "updated": "2014-09-20T04:37:17.437Z", "state": "Canceled", "created": "2014-05-13T05:07:46.542Z"}, "model": "resv.resv", "pk": 20}, {"fields": {"owner": 2, "updated": "2014-09-20T04:37:17.416Z", "state": "Canceled", "created": "2014-05-13T05:21:53.393Z"}, "model": "resv.resv", "pk": 21}, {"fields": {"owner": 2, "updated": "2014-09-20T04:37:17.420Z", "state": "Confirmed", "created": "2014-05-13T05:24:46.841Z"}, "model": "resv.resv", "pk": 22}, {"fields": {"owner": 2, "updated": "2014-09-20T04:37:17.447Z", "state": "Confirmed", "created": "2014-05-13T05:26:18.859Z"}, "model": "resv.resv", "pk": 23}, {"fields": {"owner": 2, "updated": "2014-09-20T04:37:17.696Z", "state": "Canceled", "created": "2014-05-13T05:27:07.980Z"}, "model": "resv.resv", "pk": 24}, {"fields": {"owner": 2, "updated": "2014-09-20T04:37:17.623Z", "state": "Confirmed", "created": "2014-05-13T05:39:39.672Z"}, "model": "resv.resv", "pk": 25}, {"fields": {"owner": 2, "updated": "2014-09-20T04:37:19.100Z", "state": "Canceled", "created": "2014-05-14T04:04:27.358Z"}, "model": "resv.resv", "pk": 26}, {"fields": {"owner": 2, "updated": "2014-09-20T04:37:17.528Z", "state": "Canceled", "created": "2014-05-14T04:06:45.573Z"}, "model": "resv.resv", "pk": 27}, {"fields": {"owner": 2, "updated": "2014-09-20T04:37:17.488Z", "state": "Confirmed", "created": "2014-05-14T04:12:38.612Z"}, "model": "resv.resv", "pk": 28}, {"fields": {"owner": 2, "updated": "2014-09-20T04:37:17.865Z", "state": "Canceled", "created": "2014-05-14T05:07:38.237Z"}, "model": "resv.resv", "pk": 29}, {"fields": {"owner": 2, "updated": "2014-09-20T04:37:17.586Z", "state": "Canceled", "created": "2014-05-14T05:25:37.443Z"}, "model": "resv.resv", "pk": 30}, {"fields": {"owner": 2, "updated": "2014-09-20T04:37:17.603Z", "state": "Canceled", "created": "2014-05-25T19:08:57.894Z"}, "model": "resv.resv", "pk": 31}, {"fields": {"owner": 2, "updated": "2014-09-20T04:37:17.845Z", "state": "Canceled", "created": "2014-05-26T00:13:56.866Z"}, "model": "resv.resv", "pk": 32}, {"fields": {"owner": 2, "updated": "2014-09-20T04:37:17.852Z", "state": "Canceled", "created": "2014-05-26T18:35:14.718Z"}, "model": "resv.resv", "pk": 33}, {"fields": {"owner": 2, "updated": "2014-09-20T04:37:17.858Z", "state": "Canceled", "created": "2014-05-26T18:40:21.908Z"}, "model": "resv.resv", "pk": 34}, {"fields": {"owner": 2, "updated": "2014-09-20T04:37:17.710Z", "state": "Canceled", "created": "2014-05-26T19:35:02.417Z"}, "model": "resv.resv", "pk": 35}, {"fields": {"owner": 2, "updated": "2014-09-20T04:37:17.869Z", "state": "Confirmed", "created": "2014-05-26T19:37:20.544Z"}, "model": "resv.resv", "pk": 36}, {"fields": {"owner": 2, "updated": "2014-09-20T04:37:17.647Z", "state": "Canceled", "created": "2014-05-27T05:24:01.706Z"}, "model": "resv.resv", "pk": 37}, {"fields": {"owner": 2, "updated": "2014-09-20T04:37:17.881Z", "state": "Canceled", "created": "2014-05-28T04:17:21.860Z"}, "model": "resv.resv", "pk": 38}, {"fields": {"owner": 2, "updated": "2014-09-20T04:37:17.636Z", "state": "Canceled", "created": "2014-05-28T04:20:15.434Z"}, "model": "resv.resv", "pk": 39}, {"fields": {"owner": 2, "updated": "2014-09-20T04:37:17.409Z", "state": "Canceled", "created": "2014-05-28T04:22:40.204Z"}, "model": "resv.resv", "pk": 40}, {"fields": {"owner": 2, "updated": "2014-09-20T04:37:17.427Z", "state": "Canceled", "created": "2014-05-28T05:27:53.991Z"}, "model": "resv.resv", "pk": 41}, {"fields": {"owner": 2, "updated": "2014-09-20T04:37:17.683Z", "state": "Canceled", "created": "2014-05-28T05:33:26.633Z"}, "model": "resv.resv", "pk": 42}, {"fields": {"owner": 2, "updated": "2014-09-20T04:37:17.453Z", "state": "Canceled", "created": "2014-05-28T05:34:39.792Z"}, "model": "resv.resv", "pk": 43}, {"fields": {"owner": 2, "updated": "2014-09-20T04:37:17.460Z", "state": "Canceled", "created": "2014-05-28T05:35:20.907Z"}, "model": "resv.resv", "pk": 44}, {"fields": {"owner": 2, "updated": "2014-09-20T04:37:17.689Z", "state": "Canceled", "created": "2014-05-28T05:35:49.720Z"}, "model": "resv.resv", "pk": 45}, {"fields": {"owner": 2, "updated": "2014-09-20T04:37:17.467Z", "state": "Canceled", "created": "2014-05-28T05:36:06.053Z"}, "model": "resv.resv", "pk": 46}, {"fields": {"owner": 2, "updated": "2014-09-20T04:37:17.717Z", "state": "Canceled", "created": "2014-05-28T05:37:37.634Z"}, "model": "resv.resv", "pk": 47}, {"fields": {"owner": 2, "updated": "2014-09-20T04:37:17.476Z", "state": "Confirmed", "created": "2014-05-31T01:04:20.363Z"}, "model": "resv.resv", "pk": 48}, {"fields": {"owner": 2, "updated": "2014-09-20T04:37:17.724Z", "state": "Canceled", "created": "2014-05-31T01:24:52.314Z"}, "model": "resv.resv", "pk": 49}, {"fields": {"owner": 2, "updated": "2014-09-20T04:37:17.815Z", "state": "Confirmed", "created": "2014-05-31T19:04:56.394Z"}, "model": "resv.resv", "pk": 50}, {"fields": {"owner": 2, "updated": "2014-09-20T04:37:17.521Z", "state": "Canceled", "created": "2014-05-31T22:03:01.040Z"}, "model": "resv.resv", "pk": 51}, {"fields": {"owner": 2, "updated": "2014-09-20T04:37:17.547Z", "state": "Confirmed", "created": "2014-06-01T03:27:13.541Z"}, "model": "resv.resv", "pk": 52}, {"fields": {"owner": 2, "updated": "2014-09-20T04:37:17.607Z", "state": "Confirmed", "created": "2014-06-08T01:52:44.781Z"}, "model": "resv.resv", "pk": 53}, {"fields": {"owner": 2, "updated": "2014-09-20T04:37:17.612Z", "state": "Canceled", "created": "2014-06-08T01:56:37.861Z"}, "model": "resv.resv", "pk": 54}, {"fields": {"owner": 2, "updated": "2014-09-20T04:37:17.901Z", "state": "Canceled", "created": "2014-07-01T16:49:05.778Z"}, "model": "resv.resv", "pk": 55}, {"fields": {"owner": 2, "updated": "2014-09-20T04:37:17.656Z", "state": "Confirmed", "created": "2014-07-01T16:55:36.614Z"}, "model": "resv.resv", "pk": 56}, {"fields": {"owner": 2, "updated": "2014-09-20T04:37:18.906Z", "state": "Canceled", "created": "2014-07-01T17:01:28.427Z"}, "model": "resv.resv", "pk": 57}, {"fields": {"owner": 2, "updated": "2014-09-20T04:37:17.671Z", "state": "Canceled", "created": "2014-07-01T22:06:01.457Z"}, "model": "resv.resv", "pk": 58}, {"fields": {"owner": 2, "updated": "2014-09-20T04:37:18.050Z", "state": "Canceled", "created": "2014-08-20T00:25:58.706Z"}, "model": "resv.resv", "pk": 59}, {"fields": {"owner": 2, "updated": "2014-09-20T04:37:18.770Z", "state": "Canceled", "created": "2014-08-20T00:52:38.798Z"}, "model": "resv.resv", "pk": 60}, {"fields": {"owner": 2, "updated": "2014-09-20T04:37:17.753Z", "state": "Canceled", "created": "2014-08-20T00:57:14.843Z"}, "model": "resv.resv", "pk": 61}, {"fields": {"owner": 2, "updated": "2014-09-20T04:37:17.442Z", "state": "Canceled", "created": "2014-08-22T16:36:35.290Z"}, "model": "resv.resv", "pk": 62}, {"fields": {"owner": 2, "updated": "2014-09-20T04:37:17.472Z", "state": "Canceled", "created": "2014-08-22T16:38:10.131Z"}, "model": "resv.resv", "pk": 63}, {"fields": {"owner": 2, "updated": "2014-09-20T04:37:17.483Z", "state": "Canceled", "created": "2014-08-22T16:41:06.184Z"}, "model": "resv.resv", "pk": 64}, {"fields": {"owner": 2, "updated": "2014-09-20T04:37:17.498Z", "state": "Canceled", "created": "2014-08-22T16:44:31.777Z"}, "model": "resv.resv", "pk": 65}, {"fields": {"owner": 2, "updated": "2014-09-20T04:37:18.950Z", "state": "Canceled", "created": "2014-08-22T16:46:01.640Z"}, "model": "resv.resv", "pk": 66}, {"fields": {"owner": 2, "updated": "2014-09-20T04:37:17.662Z", "state": "Canceled", "created": "2014-08-22T16:46:14.870Z"}, "model": "resv.resv", "pk": 67}, {"fields": {"owner": 2, "updated": "2014-09-20T04:37:17.677Z", "state": "Canceled", "created": "2014-08-22T16:46:28.172Z"}, "model": "resv.resv", "pk": 68}, {"fields": {"owner": 2, "updated": "2014-09-20T04:37:17.701Z", "state": "Canceled", "created": "2014-08-22T16:47:10.224Z"}, "model": "resv.resv", "pk": 69}, {"fields": {"owner": 2, "updated": "2014-09-20T04:37:17.730Z", "state": "Canceled", "created": "2014-08-22T16:48:58.461Z"}, "model": "resv.resv", "pk": 70}, {"fields": {"owner": 2, "updated": "2014-09-20T04:37:17.504Z", "state": "Canceled", "created": "2014-08-22T16:51:35.887Z"}, "model": "resv.resv", "pk": 71}, {"fields": {"owner": 2, "updated": "2014-09-20T04:37:17.542Z", "state": "Canceled", "created": "2014-08-22T16:53:05.722Z"}, "model": "resv.resv", "pk": 72}, {"fields": {"owner": 2, "updated": "2014-09-20T04:37:17.565Z", "state": "Canceled", "created": "2014-08-22T16:55:14.121Z"}, "model": "resv.resv", "pk": 73}, {"fields": {"owner": 2, "updated": "2014-09-20T04:37:17.745Z", "state": "Canceled", "created": "2014-08-22T16:55:45.584Z"}, "model": "resv.resv", "pk": 74}, {"fields": {"owner": 2, "updated": "2014-09-20T04:37:17.570Z", "state": "Canceled", "created": "2014-08-22T16:57:28.392Z"}, "model": "resv.resv", "pk": 75}, {"fields": {"owner": 2, "updated": "2014-09-20T04:37:17.821Z", "state": "Canceled", "created": "2014-08-22T17:01:01.798Z"}, "model": "resv.resv", "pk": 76}, {"fields": {"owner": 2, "updated": "2014-09-20T04:37:17.826Z", "state": "Canceled", "created": "2014-08-22T17:01:24.426Z"}, "model": "resv.resv", "pk": 77}, {"fields": {"owner": 2, "updated": "2014-09-20T04:37:17.576Z", "state": "Canceled", "created": "2014-08-22T17:01:43.438Z"}, "model": "resv.resv", "pk": 78}, {"fields": {"owner": 2, "updated": "2014-09-20T04:37:17.831Z", "state": "Canceled", "created": "2014-08-24T19:01:19.434Z"}, "model": "resv.resv", "pk": 79}, {"fields": {"owner": 2, "updated": "2014-09-20T04:37:17.836Z", "state": "Canceled", "created": "2014-08-24T21:10:07.943Z"}, "model": "resv.resv", "pk": 80}, {"fields": {"owner": 2, "updated": "2014-09-20T04:37:17.618Z", "state": "Canceled", "created": "2014-08-24T22:07:10.233Z"}, "model": "resv.resv", "pk": 81}, {"fields": {"owner": 2, "updated": "2014-09-20T04:37:17.888Z", "state": "Canceled", "created": "2014-08-24T22:10:43.126Z"}, "model": "resv.resv", "pk": 82}, {"fields": {"owner": 2, "updated": "2014-09-20T04:37:17.894Z", "state": "Canceled", "created": "2014-08-24T22:11:09.026Z"}, "model": "resv.resv", "pk": 83}, {"fields": {"owner": 2, "updated": "2014-09-20T04:37:17.907Z", "state": "Canceled", "created": "2014-08-24T22:11:21.405Z"}, "model": "resv.resv", "pk": 84}, {"fields": {"owner": 2, "updated": "2014-09-20T04:37:17.912Z", "state": "Canceled", "created": "2014-08-24T22:12:33.136Z"}, "model": "resv.resv", "pk": 85}, {"fields": {"owner": 2, "updated": "2014-09-20T04:37:19.092Z", "state": "Canceled", "created": "2014-08-24T22:12:47.433Z"}, "model": "resv.resv", "pk": 86}, {"fields": {"owner": 2, "updated": "2014-09-20T04:37:19.161Z", "state": "Canceled", "created": "2014-08-24T22:14:14.258Z"}, "model": "resv.resv", "pk": 87}, {"fields": {"owner": 2, "updated": "2014-09-20T04:37:18.791Z", "state": "Canceled", "created": "2014-08-24T22:15:11.489Z"}, "model": "resv.resv", "pk": 88}, {"fields": {"owner": 2, "updated": "2014-09-20T04:37:19.167Z", "state": "Canceled", "created": "2014-08-24T22:15:31.056Z"}, "model": "resv.resv", "pk": 89}, {"fields": {"owner": 2, "updated": "2014-09-20T04:37:17.918Z", "state": "Canceled", "created": "2014-08-25T03:00:42.516Z"}, "model": "resv.resv", "pk": 90}, {"fields": {"owner": 2, "updated": "2014-09-20T04:37:17.923Z", "state": "Canceled", "created": "2014-08-25T03:02:43.332Z"}, "model": "resv.resv", "pk": 91}, {"fields": {"owner": 2, "updated": "2014-09-20T04:37:17.931Z", "state": "Canceled", "created": "2014-08-25T03:04:44.856Z"}, "model": "resv.resv", "pk": 92}, {"fields": {"owner": 2, "updated": "2014-09-20T04:37:17.937Z", "state": "Canceled", "created": "2014-08-25T03:05:26.826Z"}, "model": "resv.resv", "pk": 93}, {"fields": {"owner": 2, "updated": "2014-09-20T04:37:17.943Z", "state": "Canceled", "created": "2014-08-25T03:06:04.920Z"}, "model": "resv.resv", "pk": 94}, {"fields": {"owner": 2, "updated": "2014-09-20T04:37:17.949Z", "state": "Canceled", "created": "2014-08-25T03:06:31.497Z"}, "model": "resv.resv", "pk": 95}, {"fields": {"owner": 2, "updated": "2014-09-20T04:37:18.027Z", "state": "Canceled", "created": "2014-08-25T03:07:09.586Z"}, "model": "resv.resv", "pk": 96}, {"fields": {"owner": 2, "updated": "2014-09-20T04:37:17.629Z", "state": "Canceled", "created": "2014-08-25T03:08:00.255Z"}, "model": "resv.resv", "pk": 97}, {"fields": {"owner": 2, "updated": "2014-09-20T04:37:18.033Z", "state": "Canceled", "created": "2014-08-25T03:09:25.500Z"}, "model": "resv.resv", "pk": 98}, {"fields": {"owner": 2, "updated": "2014-09-20T04:37:18.038Z", "state": "Canceled", "created": "2014-08-25T03:10:30.759Z"}, "model": "resv.resv", "pk": 99}, {"fields": {"owner": 2, "updated": "2014-09-20T04:37:18.043Z", "state": "Canceled", "created": "2014-08-25T03:10:43.515Z"}, "model": "resv.resv", "pk": 100}, {"fields": {"owner": 2, "updated": "2014-09-20T04:37:18.057Z", "state": "Canceled", "created": "2014-08-25T03:39:43.828Z"}, "model": "resv.resv", "pk": 101}, {"fields": {"owner": 2, "updated": "2014-09-20T04:37:17.641Z", "state": "Canceled", "created": "2014-08-25T03:40:20.320Z"}, "model": "resv.resv", "pk": 102}, {"fields": {"owner": 2, "updated": "2014-09-20T04:37:17.652Z", "state": "Canceled", "created": "2014-08-25T03:41:54.176Z"}, "model": "resv.resv", "pk": 103}, {"fields": {"owner": 2, "updated": "2014-09-20T04:37:17.874Z", "state": "Canceled", "created": "2014-08-25T03:44:38.043Z"}, "model": "resv.resv", "pk": 104}, {"fields": {"owner": 2, "updated": "2014-09-20T04:37:17.954Z", "state": "Canceled", "created": "2014-08-25T03:45:37.284Z"}, "model": "resv.resv", "pk": 105}, {"fields": {"owner": 2, "updated": "2014-09-20T04:37:18.900Z", "state": "Canceled", "created": "2014-08-25T03:46:15.472Z"}, "model": "resv.resv", "pk": 106}, {"fields": {"owner": 2, "updated": "2014-09-20T04:37:17.960Z", "state": "Canceled", "created": "2014-08-25T03:47:01.738Z"}, "model": "resv.resv", "pk": 107}, {"fields": {"owner": 2, "updated": "2014-09-20T04:37:17.966Z", "state": "Canceled", "created": "2014-08-25T03:49:16.582Z"}, "model": "resv.resv", "pk": 108}, {"fields": {"owner": 2, "updated": "2014-09-20T04:37:17.974Z", "state": "Canceled", "created": "2014-08-25T04:52:55.295Z"}, "model": "resv.resv", "pk": 109}, {"fields": {"owner": 2, "updated": "2014-09-20T04:37:17.981Z", "state": "Canceled", "created": "2014-08-25T04:56:32.456Z"}, "model": "resv.resv", "pk": 110}, {"fields": {"owner": 2, "updated": "2014-09-20T04:37:17.986Z", "state": "Canceled", "created": "2014-08-25T04:57:00.387Z"}, "model": "resv.resv", "pk": 111}, {"fields": {"owner": 2, "updated": "2014-09-20T04:37:17.992Z", "state": "Canceled", "created": "2014-08-26T04:15:24.538Z"}, "model": "resv.resv", "pk": 112}, {"fields": {"owner": 2, "updated": "2014-09-20T04:37:17.997Z", "state": "Canceled", "created": "2014-08-26T04:21:37.826Z"}, "model": "resv.resv", "pk": 113}, {"fields": {"owner": 2, "updated": "2014-09-20T04:37:18.002Z", "state": "Canceled", "created": "2014-08-26T04:22:06.326Z"}, "model": "resv.resv", "pk": 114}, {"fields": {"owner": 2, "updated": "2014-09-20T04:37:18.008Z", "state": "Canceled", "created": "2014-08-26T04:23:03.022Z"}, "model": "resv.resv", "pk": 115}, {"fields": {"owner": 2, "updated": "2014-09-20T04:37:18.015Z", "state": "Canceled", "created": "2014-08-26T04:23:29.458Z"}, "model": "resv.resv", "pk": 116}, {"fields": {"owner": 2, "updated": "2014-09-20T04:37:18.021Z", "state": "Canceled", "created": "2014-08-26T04:26:09.568Z"}, "model": "resv.resv", "pk": 117}, {"fields": {"owner": 2, "updated": "2014-09-20T04:37:18.432Z", "state": "Canceled", "created": "2014-08-26T04:27:42.434Z"}, "model": "resv.resv", "pk": 118}, {"fields": {"owner": 2, "updated": "2014-09-20T04:37:18.438Z", "state": "Canceled", "created": "2014-08-26T04:28:04.147Z"}, "model": "resv.resv", "pk": 119}, {"fields": {"owner": 2, "updated": "2014-09-20T04:37:18.443Z", "state": "Canceled", "created": "2014-08-26T05:03:18.105Z"}, "model": "resv.resv", "pk": 120}, {"fields": {"owner": 2, "updated": "2014-09-20T04:37:18.449Z", "state": "Canceled", "created": "2014-08-26T05:05:20.989Z"}, "model": "resv.resv", "pk": 121}, {"fields": {"owner": 2, "updated": "2014-09-20T04:37:18.750Z", "state": "Canceled", "created": "2014-08-26T05:05:46.319Z"}, "model": "resv.resv", "pk": 122}, {"fields": {"owner": 2, "updated": "2014-09-20T04:37:18.240Z", "state": "Canceled", "created": "2014-08-26T05:07:46.233Z"}, "model": "resv.resv", "pk": 123}, {"fields": {"owner": 2, "updated": "2014-09-20T04:37:18.245Z", "state": "Canceled", "created": "2014-08-26T05:10:59.814Z"}, "model": "resv.resv", "pk": 124}, {"fields": {"owner": 2, "updated": "2014-09-20T04:37:18.251Z", "state": "Canceled", "created": "2014-08-26T05:11:47.848Z"}, "model": "resv.resv", "pk": 125}, {"fields": {"owner": 2, "updated": "2014-09-20T04:37:18.256Z", "state": "Canceled", "created": "2014-08-26T05:13:39.245Z"}, "model": "resv.resv", "pk": 126}, {"fields": {"owner": 2, "updated": "2014-09-20T04:37:18.861Z", "state": "Canceled", "created": "2014-08-26T05:15:55.594Z"}, "model": "resv.resv", "pk": 127}, {"fields": {"owner": 2, "updated": "2014-09-20T04:37:18.261Z", "state": "Canceled", "created": "2014-08-26T05:17:46.997Z"}, "model": "resv.resv", "pk": 128}, {"fields": {"owner": 2, "updated": "2014-09-20T04:37:18.267Z", "state": "Canceled", "created": "2014-08-26T05:18:35.291Z"}, "model": "resv.resv", "pk": 129}, {"fields": {"owner": 2, "updated": "2014-09-20T04:37:18.272Z", "state": "Canceled", "created": "2014-08-26T05:19:47.757Z"}, "model": "resv.resv", "pk": 130}, {"fields": {"owner": 2, "updated": "2014-09-20T04:37:18.277Z", "state": "Canceled", "created": "2014-08-26T05:21:21.950Z"}, "model": "resv.resv", "pk": 131}, {"fields": {"owner": 2, "updated": "2014-09-20T04:37:18.285Z", "state": "Canceled", "created": "2014-08-26T05:24:17.625Z"}, "model": "resv.resv", "pk": 132}, {"fields": {"owner": 2, "updated": "2014-09-20T04:37:18.292Z", "state": "Canceled", "created": "2014-08-26T05:25:44.241Z"}, "model": "resv.resv", "pk": 133}, {"fields": {"owner": 2, "updated": "2014-09-20T04:37:18.297Z", "state": "Canceled", "created": "2014-08-26T05:27:56.337Z"}, "model": "resv.resv", "pk": 134}, {"fields": {"owner": 2, "updated": "2014-09-20T04:37:18.302Z", "state": "Canceled", "created": "2014-08-26T05:30:21.023Z"}, "model": "resv.resv", "pk": 135}, {"fields": {"owner": 2, "updated": "2014-09-20T04:37:18.308Z", "state": "Canceled", "created": "2014-08-26T05:35:32.964Z"}, "model": "resv.resv", "pk": 136}, {"fields": {"owner": 2, "updated": "2014-09-20T04:37:18.314Z", "state": "Canceled", "created": "2014-08-26T05:37:36.423Z"}, "model": "resv.resv", "pk": 137}, {"fields": {"owner": 2, "updated": "2014-09-20T04:37:18.319Z", "state": "Canceled", "created": "2014-08-26T05:38:58.780Z"}, "model": "resv.resv", "pk": 138}, {"fields": {"owner": 2, "updated": "2014-09-20T04:37:18.326Z", "state": "Canceled", "created": "2014-08-26T05:41:10.102Z"}, "model": "resv.resv", "pk": 139}, {"fields": {"owner": 2, "updated": "2014-09-20T04:37:18.332Z", "state": "Canceled", "created": "2014-08-26T05:44:23.021Z"}, "model": "resv.resv", "pk": 140}, {"fields": {"owner": 2, "updated": "2014-09-20T04:37:18.338Z", "state": "Canceled", "created": "2014-08-26T05:47:25.741Z"}, "model": "resv.resv", "pk": 141}, {"fields": {"owner": 2, "updated": "2014-09-20T04:37:18.343Z", "state": "Canceled", "created": "2014-08-26T05:48:28.731Z"}, "model": "resv.resv", "pk": 142}, {"fields": {"owner": 2, "updated": "2014-09-20T04:37:18.349Z", "state": "Canceled", "created": "2014-08-26T05:49:49.342Z"}, "model": "resv.resv", "pk": 143}, {"fields": {"owner": 2, "updated": "2014-09-20T04:37:18.875Z", "state": "Canceled", "created": "2014-08-26T05:51:52.837Z"}, "model": "resv.resv", "pk": 144}, {"fields": {"owner": 2, "updated": "2014-09-20T04:37:18.354Z", "state": "Canceled", "created": "2014-08-26T05:52:47.297Z"}, "model": "resv.resv", "pk": 145}, {"fields": {"owner": 2, "updated": "2014-09-20T04:37:18.360Z", "state": "Canceled", "created": "2014-08-26T05:53:42.644Z"}, "model": "resv.resv", "pk": 146}, {"fields": {"owner": 2, "updated": "2014-09-20T04:37:18.365Z", "state": "Canceled", "created": "2014-08-26T05:57:28.961Z"}, "model": "resv.resv", "pk": 147}, {"fields": {"owner": 2, "updated": "2014-09-20T04:37:18.371Z", "state": "Canceled", "created": "2014-08-26T11:43:55.351Z"}, "model": "resv.resv", "pk": 148}, {"fields": {"owner": 2, "updated": "2014-09-20T04:37:18.377Z", "state": "Canceled", "created": "2014-08-26T11:46:52.626Z"}, "model": "resv.resv", "pk": 149}, {"fields": {"owner": 2, "updated": "2014-09-20T04:37:18.385Z", "state": "Canceled", "created": "2014-08-26T11:53:39.654Z"}, "model": "resv.resv", "pk": 150}, {"fields": {"owner": 2, "updated": "2014-09-20T04:37:18.391Z", "state": "Canceled", "created": "2014-08-26T11:57:09.999Z"}, "model": "resv.resv", "pk": 151}, {"fields": {"owner": 2, "updated": "2014-09-20T04:37:18.397Z", "state": "Canceled", "created": "2014-08-26T12:08:44.393Z"}, "model": "resv.resv", "pk": 152}, {"fields": {"owner": 2, "updated": "2014-09-20T04:37:18.402Z", "state": "Canceled", "created": "2014-08-26T12:09:54.026Z"}, "model": "resv.resv", "pk": 153}, {"fields": {"owner": 2, "updated": "2014-09-20T04:37:18.408Z", "state": "Canceled", "created": "2014-08-26T12:13:21.271Z"}, "model": "resv.resv", "pk": 154}, {"fields": {"owner": 2, "updated": "2014-09-20T04:37:18.413Z", "state": "Canceled", "created": "2014-08-26T12:16:09.704Z"}, "model": "resv.resv", "pk": 155}, {"fields": {"owner": 2, "updated": "2014-09-20T04:37:18.418Z", "state": "Canceled", "created": "2014-08-26T12:18:49.062Z"}, "model": "resv.resv", "pk": 156}, {"fields": {"owner": 2, "updated": "2014-09-20T04:37:18.423Z", "state": "Canceled", "created": "2014-08-26T12:30:30.621Z"}, "model": "resv.resv", "pk": 157}, {"fields": {"owner": 2, "updated": "2014-09-20T04:37:18.462Z", "state": "Canceled", "created": "2014-08-26T12:34:52.661Z"}, "model": "resv.resv", "pk": 158}, {"fields": {"owner": 2, "updated": "2014-09-20T04:37:18.455Z", "state": "Canceled", "created": "2014-08-26T12:37:55.996Z"}, "model": "resv.resv", "pk": 159}, {"fields": {"owner": 2, "updated": "2014-09-20T04:37:18.757Z", "state": "Canceled", "created": "2014-08-26T12:40:31.423Z"}, "model": "resv.resv", "pk": 160}, {"fields": {"owner": 2, "updated": "2014-09-20T04:37:18.064Z", "state": "Canceled", "created": "2014-08-26T12:42:31.860Z"}, "model": "resv.resv", "pk": 161}, {"fields": {"owner": 2, "updated": "2014-09-20T04:37:18.467Z", "state": "Canceled", "created": "2014-08-26T12:45:46.870Z"}, "model": "resv.resv", "pk": 162}, {"fields": {"owner": 2, "updated": "2014-09-20T04:37:19.182Z", "state": "Canceled", "created": "2014-08-26T12:46:34.918Z"}, "model": "resv.resv", "pk": 163}, {"fields": {"owner": 2, "updated": "2014-09-20T04:37:18.473Z", "state": "Canceled", "created": "2014-08-26T12:47:43.158Z"}, "model": "resv.resv", "pk": 164}, {"fields": {"owner": 2, "updated": "2014-09-20T04:37:18.481Z", "state": "Canceled", "created": "2014-08-26T12:48:16.479Z"}, "model": "resv.resv", "pk": 165}, {"fields": {"owner": 2, "updated": "2014-09-20T04:37:18.488Z", "state": "Canceled", "created": "2014-08-26T12:50:07.274Z"}, "model": "resv.resv", "pk": 166}, {"fields": {"owner": 2, "updated": "2014-09-20T04:37:18.494Z", "state": "Canceled", "created": "2014-08-26T12:50:36.255Z"}, "model": "resv.resv", "pk": 167}, {"fields": {"owner": 2, "updated": "2014-09-20T04:37:18.499Z", "state": "Canceled", "created": "2014-08-26T12:51:18.219Z"}, "model": "resv.resv", "pk": 168}, {"fields": {"owner": 2, "updated": "2014-09-20T04:37:18.505Z", "state": "Canceled", "created": "2014-08-26T12:51:45.421Z"}, "model": "resv.resv", "pk": 169}, {"fields": {"owner": 2, "updated": "2014-09-20T04:37:18.511Z", "state": "Canceled", "created": "2014-08-26T12:52:02.210Z"}, "model": "resv.resv", "pk": 170}, {"fields": {"owner": 2, "updated": "2014-09-20T04:37:18.516Z", "state": "Canceled", "created": "2014-08-26T12:52:18.455Z"}, "model": "resv.resv", "pk": 171}, {"fields": {"owner": 2, "updated": "2014-09-20T04:37:18.524Z", "state": "Canceled", "created": "2014-08-26T12:57:43.630Z"}, "model": "resv.resv", "pk": 172}, {"fields": {"owner": 2, "updated": "2014-09-20T04:37:18.531Z", "state": "Canceled", "created": "2014-08-26T12:57:48.208Z"}, "model": "resv.resv", "pk": 173}, {"fields": {"owner": 2, "updated": "2014-09-20T04:37:18.537Z", "state": "Canceled", "created": "2014-08-27T00:47:38.954Z"}, "model": "resv.resv", "pk": 174}, {"fields": {"owner": 2, "updated": "2014-09-20T04:37:18.544Z", "state": "Canceled", "created": "2014-08-27T00:48:28.185Z"}, "model": "resv.resv", "pk": 175}, {"fields": {"owner": 2, "updated": "2014-09-20T04:37:18.549Z", "state": "Canceled", "created": "2014-08-27T00:48:43.570Z"}, "model": "resv.resv", "pk": 176}, {"fields": {"owner": 2, "updated": "2014-09-20T04:37:18.556Z", "state": "Canceled", "created": "2014-08-30T16:27:05.140Z"}, "model": "resv.resv", "pk": 177}, {"fields": {"owner": 2, "updated": "2014-09-20T04:37:18.562Z", "state": "Canceled", "created": "2014-08-30T16:27:59.263Z"}, "model": "resv.resv", "pk": 178}, {"fields": {"owner": 2, "updated": "2014-09-20T04:37:18.571Z", "state": "Canceled", "created": "2014-08-30T16:28:50.418Z"}, "model": "resv.resv", "pk": 179}, {"fields": {"owner": 2, "updated": "2014-09-20T04:37:19.106Z", "state": "Canceled", "created": "2014-08-30T16:30:53.659Z"}, "model": "resv.resv", "pk": 180}, {"fields": {"owner": 2, "updated": "2014-09-20T04:37:18.577Z", "state": "Canceled", "created": "2014-08-30T16:32:41.148Z"}, "model": "resv.resv", "pk": 181}, {"fields": {"owner": 2, "updated": "2014-09-20T04:37:18.582Z", "state": "Canceled", "created": "2014-08-30T16:33:13.990Z"}, "model": "resv.resv", "pk": 182}, {"fields": {"owner": 2, "updated": "2014-09-20T04:37:18.594Z", "state": "Canceled", "created": "2014-08-30T16:37:44.112Z"}, "model": "resv.resv", "pk": 183}, {"fields": {"owner": 2, "updated": "2014-09-20T04:37:18.587Z", "state": "Canceled", "created": "2014-08-30T16:39:56.048Z"}, "model": "resv.resv", "pk": 184}, {"fields": {"owner": 2, "updated": "2014-09-20T04:37:18.601Z", "state": "Canceled", "created": "2014-08-30T16:40:20.234Z"}, "model": "resv.resv", "pk": 185}, {"fields": {"owner": 2, "updated": "2014-09-20T04:37:18.073Z", "state": "Confirmed", "created": "2014-08-30T16:45:48.539Z"}, "model": "resv.resv", "pk": 186}, {"fields": {"owner": 2, "updated": "2014-09-20T04:37:18.608Z", "state": "Canceled", "created": "2014-08-30T16:46:19.111Z"}, "model": "resv.resv", "pk": 187}, {"fields": {"owner": 2, "updated": "2014-09-20T04:37:18.087Z", "state": "Canceled", "created": "2014-08-30T16:46:48.475Z"}, "model": "resv.resv", "pk": 188}, {"fields": {"owner": 2, "updated": "2014-09-20T04:37:18.092Z", "state": "Canceled", "created": "2014-08-30T16:47:19.828Z"}, "model": "resv.resv", "pk": 189}, {"fields": {"owner": 2, "updated": "2014-09-20T04:37:18.617Z", "state": "Canceled", "created": "2014-08-30T16:47:38.704Z"}, "model": "resv.resv", "pk": 190}, {"fields": {"owner": 2, "updated": "2014-09-20T04:37:18.623Z", "state": "Canceled", "created": "2014-09-01T15:51:57.112Z"}, "model": "resv.resv", "pk": 191}, {"fields": {"owner": 2, "updated": "2014-09-20T04:37:18.628Z", "state": "Canceled", "created": "2014-09-01T15:57:58.414Z"}, "model": "resv.resv", "pk": 192}, {"fields": {"owner": 2, "updated": "2014-09-20T04:37:18.634Z", "state": "Canceled", "created": "2014-09-01T16:00:13.059Z"}, "model": "resv.resv", "pk": 193}, {"fields": {"owner": 2, "updated": "2014-09-20T04:37:18.639Z", "state": "Canceled", "created": "2014-09-01T16:15:00.100Z"}, "model": "resv.resv", "pk": 194}, {"fields": {"owner": 2, "updated": "2014-09-20T04:37:18.108Z", "state": "Canceled", "created": "2014-09-01T16:40:02.825Z"}, "model": "resv.resv", "pk": 195}, {"fields": {"owner": 2, "updated": "2014-09-20T04:37:18.099Z", "state": "Canceled", "created": "2014-09-01T16:41:05.949Z"}, "model": "resv.resv", "pk": 196}, {"fields": {"owner": 2, "updated": "2014-09-20T04:37:18.646Z", "state": "Canceled", "created": "2014-09-01T16:41:35.115Z"}, "model": "resv.resv", "pk": 197}, {"fields": {"owner": 2, "updated": "2014-09-20T04:37:18.130Z", "state": "Canceled", "created": "2014-09-01T17:56:48.790Z"}, "model": "resv.resv", "pk": 198}, {"fields": {"owner": 2, "updated": "2014-09-20T04:37:18.143Z", "state": "Canceled", "created": "2014-09-01T18:16:48.590Z"}, "model": "resv.resv", "pk": 199}, {"fields": {"owner": 2, "updated": "2014-09-20T04:37:18.668Z", "state": "Canceled", "created": "2014-09-01T18:41:37.298Z"}, "model": "resv.resv", "pk": 200}, {"fields": {"owner": 2, "updated": "2014-09-20T04:37:18.080Z", "state": "Canceled", "created": "2014-09-01T18:48:20.430Z"}, "model": "resv.resv", "pk": 201}, {"fields": {"owner": 2, "updated": "2014-09-20T04:37:18.137Z", "state": "Canceled", "created": "2014-09-01T19:04:45.699Z"}, "model": "resv.resv", "pk": 202}, {"fields": {"owner": 2, "updated": "2014-09-20T04:37:18.122Z", "state": "Canceled", "created": "2014-09-01T19:06:37.497Z"}, "model": "resv.resv", "pk": 203}, {"fields": {"owner": 2, "updated": "2014-09-20T04:37:18.167Z", "state": "Canceled", "created": "2014-09-01T19:20:48.038Z"}, "model": "resv.resv", "pk": 204}, {"fields": {"owner": 2, "updated": "2014-09-20T04:37:18.944Z", "state": "Canceled", "created": "2014-09-01T19:25:55.853Z"}, "model": "resv.resv", "pk": 205}, {"fields": {"owner": 2, "updated": "2014-09-20T04:37:18.179Z", "state": "Canceled", "created": "2014-09-03T05:31:59.442Z"}, "model": "resv.resv", "pk": 206}, {"fields": {"owner": 2, "updated": "2014-09-20T04:37:18.185Z", "state": "Canceled", "created": "2014-09-03T05:37:18.468Z"}, "model": "resv.resv", "pk": 207}, {"fields": {"owner": 2, "updated": "2014-09-20T04:37:18.654Z", "state": "Canceled", "created": "2014-09-03T05:37:49.489Z"}, "model": "resv.resv", "pk": 208}, {"fields": {"owner": 2, "updated": "2014-09-20T04:37:18.116Z", "state": "Canceled", "created": "2014-09-04T01:37:37.617Z"}, "model": "resv.resv", "pk": 209}, {"fields": {"owner": 2, "updated": "2014-09-20T04:37:18.152Z", "state": "Canceled", "created": "2014-09-04T01:47:14.349Z"}, "model": "resv.resv", "pk": 210}, {"fields": {"owner": 2, "updated": "2014-09-20T04:37:18.662Z", "state": "Canceled", "created": "2014-09-04T01:50:06.727Z"}, "model": "resv.resv", "pk": 211}, {"fields": {"owner": 2, "updated": "2014-09-20T04:37:18.159Z", "state": "Canceled", "created": "2014-09-04T01:51:16.951Z"}, "model": "resv.resv", "pk": 212}, {"fields": {"owner": 2, "updated": "2014-09-20T04:37:18.675Z", "state": "Canceled", "created": "2014-09-04T01:57:58.906Z"}, "model": "resv.resv", "pk": 213}, {"fields": {"owner": 2, "updated": "2014-09-20T04:37:18.679Z", "state": "Confirmed", "created": "2014-09-04T01:59:12.034Z"}, "model": "resv.resv", "pk": 214}, {"fields": {"owner": 2, "updated": "2014-09-20T04:37:18.200Z", "state": "Canceled", "created": "2014-09-04T02:01:35.729Z"}, "model": "resv.resv", "pk": 215}, {"fields": {"owner": 2, "updated": "2014-09-20T04:37:18.684Z", "state": "Canceled", "created": "2014-09-04T05:12:51.865Z"}, "model": "resv.resv", "pk": 216}, {"fields": {"owner": 2, "updated": "2014-09-20T04:37:18.069Z", "state": "Canceled", "created": "2014-09-04T05:15:28.915Z"}, "model": "resv.resv", "pk": 217}, {"fields": {"owner": 2, "updated": "2014-09-20T04:37:18.172Z", "state": "Canceled", "created": "2014-09-04T05:27:01.863Z"}, "model": "resv.resv", "pk": 218}, {"fields": {"owner": 2, "updated": "2014-09-20T04:37:18.192Z", "state": "Canceled", "created": "2014-09-04T05:28:57.828Z"}, "model": "resv.resv", "pk": 219}, {"fields": {"owner": 2, "updated": "2014-09-20T04:37:18.689Z", "state": "Canceled", "created": "2014-09-04T05:33:03.519Z"}, "model": "resv.resv", "pk": 220}, {"fields": {"owner": 2, "updated": "2014-09-20T04:37:18.696Z", "state": "Canceled", "created": "2014-09-04T05:36:39.565Z"}, "model": "resv.resv", "pk": 221}, {"fields": {"owner": 2, "updated": "2014-09-20T04:37:18.704Z", "state": "Canceled", "created": "2014-09-04T05:38:47.519Z"}, "model": "resv.resv", "pk": 222}, {"fields": {"owner": 2, "updated": "2014-09-20T04:37:18.709Z", "state": "Canceled", "created": "2014-09-04T05:40:45.309Z"}, "model": "resv.resv", "pk": 223}, {"fields": {"owner": 2, "updated": "2014-09-20T04:37:18.715Z", "state": "Canceled", "created": "2014-09-04T05:43:02.597Z"}, "model": "resv.resv", "pk": 224}, {"fields": {"owner": 2, "updated": "2014-09-20T04:37:18.720Z", "state": "Canceled", "created": "2014-09-04T05:44:31.564Z"}, "model": "resv.resv", "pk": 225}, {"fields": {"owner": 2, "updated": "2014-09-20T04:37:18.725Z", "state": "Canceled", "created": "2014-09-04T05:44:59.199Z"}, "model": "resv.resv", "pk": 226}, {"fields": {"owner": 2, "updated": "2014-09-20T04:37:18.731Z", "state": "Canceled", "created": "2014-09-04T05:52:00.329Z"}, "model": "resv.resv", "pk": 227}, {"fields": {"owner": 2, "updated": "2014-09-20T04:37:18.736Z", "state": "Canceled", "created": "2014-09-04T05:53:45.732Z"}, "model": "resv.resv", "pk": 228}, {"fields": {"owner": 2, "updated": "2014-09-20T04:37:18.226Z", "state": "Canceled", "created": "2014-09-06T02:46:16.461Z"}, "model": "resv.resv", "pk": 229}, {"fields": {"owner": 2, "updated": "2014-09-20T04:37:18.220Z", "state": "Canceled", "created": "2014-09-06T02:47:57.709Z"}, "model": "resv.resv", "pk": 230}, {"fields": {"owner": 2, "updated": "2014-09-20T04:37:18.213Z", "state": "Canceled", "created": "2014-09-06T02:48:35.683Z"}, "model": "resv.resv", "pk": 231}, {"fields": {"owner": 2, "updated": "2014-09-20T04:37:18.207Z", "state": "Canceled", "created": "2014-09-06T02:49:40.925Z"}, "model": "resv.resv", "pk": 232}, {"fields": {"owner": 2, "updated": "2014-09-20T04:37:18.745Z", "state": "Canceled", "created": "2014-09-06T02:50:25.597Z"}, "model": "resv.resv", "pk": 233}, {"fields": {"owner": 2, "updated": "2014-09-20T04:37:18.232Z", "state": "Canceled", "created": "2014-09-06T02:57:49.385Z"}, "model": "resv.resv", "pk": 234}, {"fields": {"owner": 2, "updated": "2014-09-20T04:37:19.017Z", "state": "Canceled", "created": "2014-09-06T02:59:17.310Z"}, "model": "resv.resv", "pk": 235}, {"fields": {"owner": 2, "updated": "2014-09-20T04:37:18.985Z", "state": "Canceled", "created": "2014-09-06T02:59:51.677Z"}, "model": "resv.resv", "pk": 236}, {"fields": {"owner": 2, "updated": "2014-09-20T04:37:18.850Z", "state": "Canceled", "created": "2014-09-06T03:00:49.624Z"}, "model": "resv.resv", "pk": 237}, {"fields": {"owner": 2, "updated": "2014-09-20T04:37:19.209Z", "state": "Canceled", "created": "2014-09-06T03:13:19.646Z"}, "model": "resv.resv", "pk": 238}, {"fields": {"owner": 2, "updated": "2014-09-20T04:37:18.867Z", "state": "Canceled", "created": "2014-09-06T04:39:10.414Z"}, "model": "resv.resv", "pk": 239}, {"fields": {"owner": 2, "updated": "2014-09-20T04:37:19.011Z", "state": "Canceled", "created": "2014-09-06T04:42:10.971Z"}, "model": "resv.resv", "pk": 240}, {"fields": {"owner": 2, "updated": "2014-09-20T04:37:18.856Z", "state": "Canceled", "created": "2014-09-06T04:44:50.334Z"}, "model": "resv.resv", "pk": 241}, {"fields": {"owner": 2, "updated": "2014-09-20T04:37:19.198Z", "state": "Canceled", "created": "2014-09-06T04:47:13.076Z"}, "model": "resv.resv", "pk": 242}, {"fields": {"owner": 2, "updated": "2014-09-20T04:37:18.822Z", "state": "Canceled", "created": "2014-09-06T04:48:27.071Z"}, "model": "resv.resv", "pk": 243}, {"fields": {"owner": 2, "updated": "2014-09-20T04:37:18.911Z", "state": "Canceled", "created": "2014-09-06T04:52:02.423Z"}, "model": "resv.resv", "pk": 244}, {"fields": {"owner": 2, "updated": "2014-09-20T04:37:19.113Z", "state": "Canceled", "created": "2014-09-06T04:54:14.776Z"}, "model": "resv.resv", "pk": 245}, {"fields": {"owner": 2, "updated": "2014-09-20T04:37:19.136Z", "state": "Canceled", "created": "2014-09-06T04:59:36.725Z"}, "model": "resv.resv", "pk": 246}, {"fields": {"owner": 2, "updated": "2014-09-20T04:37:19.126Z", "state": "Canceled", "created": "2014-09-06T05:00:12.804Z"}, "model": "resv.resv", "pk": 247}, {"fields": {"owner": 2, "updated": "2014-09-20T04:37:18.785Z", "state": "Canceled", "created": "2014-09-06T05:05:10.177Z"}, "model": "resv.resv", "pk": 248}, {"fields": {"owner": 2, "updated": "2014-09-20T04:37:19.204Z", "state": "Canceled", "created": "2014-09-06T05:07:38.035Z"}, "model": "resv.resv", "pk": 249}, {"fields": {"owner": 2, "updated": "2014-09-20T04:37:19.004Z", "state": "Canceled", "created": "2014-09-06T05:08:57.490Z"}, "model": "resv.resv", "pk": 250}, {"fields": {"owner": 2, "updated": "2014-09-20T04:37:19.056Z", "state": "Canceled", "created": "2014-09-06T05:10:16.974Z"}, "model": "resv.resv", "pk": 251}, {"fields": {"owner": 2, "updated": "2014-09-20T04:37:19.078Z", "state": "Canceled", "created": "2014-09-06T05:11:47.776Z"}, "model": "resv.resv", "pk": 252}, {"fields": {"owner": 2, "updated": "2014-09-20T04:37:19.156Z", "state": "Canceled", "created": "2014-09-06T15:59:24.324Z"}, "model": "resv.resv", "pk": 253}, {"fields": {"owner": 2, "updated": "2014-09-20T04:37:18.938Z", "state": "Canceled", "created": "2014-09-06T16:00:01.412Z"}, "model": "resv.resv", "pk": 254}, {"fields": {"owner": 2, "updated": "2014-09-20T04:37:19.073Z", "state": "Canceled", "created": "2014-09-06T17:27:23.818Z"}, "model": "resv.resv", "pk": 255}, {"fields": {"owner": 2, "updated": "2014-09-20T04:37:19.228Z", "state": "Canceled", "created": "2014-09-06T17:31:07.546Z"}, "model": "resv.resv", "pk": 256}, {"fields": {"owner": 2, "updated": "2014-09-20T04:37:19.061Z", "state": "Canceled", "created": "2014-09-06T17:34:41.407Z"}, "model": "resv.resv", "pk": 257}, {"fields": {"owner": 2, "updated": "2014-09-20T04:37:18.926Z", "state": "Confirmed", "created": "2014-09-06T17:35:40.261Z"}, "model": "resv.resv", "pk": 258}, {"fields": {"owner": 2, "updated": "2014-09-20T04:37:18.810Z", "state": "Canceled", "created": "2014-09-06T17:36:43.942Z"}, "model": "resv.resv", "pk": 259}, {"fields": {"owner": 2, "updated": "2014-09-20T04:37:18.933Z", "state": "Canceled", "created": "2014-09-10T03:29:46.098Z"}, "model": "resv.resv", "pk": 260}, {"fields": {"owner": 2, "updated": "2014-09-20T04:37:18.895Z", "state": "Canceled", "created": "2014-09-10T03:31:21.393Z"}, "model": "resv.resv", "pk": 261}, {"fields": {"owner": 2, "updated": "2014-09-20T04:37:18.797Z", "state": "Canceled", "created": "2014-09-10T03:32:14.744Z"}, "model": "resv.resv", "pk": 262}, {"fields": {"owner": 2, "updated": "2014-09-20T04:37:18.965Z", "state": "Canceled", "created": "2014-09-10T03:35:15.153Z"}, "model": "resv.resv", "pk": 263}, {"fields": {"owner": 2, "updated": "2014-09-20T04:37:18.763Z", "state": "Canceled", "created": "2014-09-10T03:38:21.750Z"}, "model": "resv.resv", "pk": 264}, {"fields": {"owner": 2, "updated": "2014-09-20T04:37:18.804Z", "state": "Canceled", "created": "2014-09-10T03:39:40.850Z"}, "model": "resv.resv", "pk": 265}, {"fields": {"owner": 2, "updated": "2014-09-20T04:37:18.978Z", "state": "Canceled", "created": "2014-09-10T03:41:05.065Z"}, "model": "resv.resv", "pk": 266}, {"fields": {"owner": 2, "updated": "2014-09-20T04:37:19.192Z", "state": "Canceled", "created": "2014-09-10T03:43:23.626Z"}, "model": "resv.resv", "pk": 267}, {"fields": {"owner": 2, "updated": "2014-09-20T04:37:19.235Z", "state": "Canceled", "created": "2014-09-10T03:43:54.387Z"}, "model": "resv.resv", "pk": 268}, {"fields": {"owner": 2, "updated": "2014-09-20T04:37:19.042Z", "state": "Canceled", "created": "2014-09-10T03:44:14.659Z"}, "model": "resv.resv", "pk": 269}, {"fields": {"owner": 2, "updated": "2014-09-20T04:37:19.023Z", "state": "Canceled", "created": "2014-09-10T03:45:27.816Z"}, "model": "resv.resv", "pk": 270}, {"fields": {"owner": 2, "updated": "2014-09-20T04:37:18.831Z", "state": "Canceled", "created": "2014-09-10T03:46:13.515Z"}, "model": "resv.resv", "pk": 271}, {"fields": {"owner": 2, "updated": "2014-09-20T04:37:19.241Z", "state": "Canceled", "created": "2014-09-10T03:54:43.283Z"}, "model": "resv.resv", "pk": 272}, {"fields": {"owner": 2, "updated": "2014-09-20T04:37:19.174Z", "state": "Canceled", "created": "2014-09-10T03:55:02.828Z"}, "model": "resv.resv", "pk": 273}, {"fields": {"owner": 2, "updated": "2014-09-20T04:37:18.843Z", "state": "Canceled", "created": "2014-09-10T03:57:15.112Z"}, "model": "resv.resv", "pk": 274}, {"fields": {"owner": 2, "updated": "2014-09-20T04:37:18.958Z", "state": "Canceled", "created": "2014-09-10T03:57:32.455Z"}, "model": "resv.resv", "pk": 275}, {"fields": {"owner": 2, "updated": "2014-09-20T04:37:19.051Z", "state": "Canceled", "created": "2014-09-10T03:59:03.257Z"}, "model": "resv.resv", "pk": 276}, {"fields": {"owner": 2, "updated": "2014-09-20T04:37:18.995Z", "state": "Canceled", "created": "2014-09-10T04:01:48.824Z"}, "model": "resv.resv", "pk": 277}, {"fields": {"owner": 2, "updated": "2014-09-20T04:37:19.035Z", "state": "Canceled", "created": "2014-09-10T04:05:25.801Z"}, "model": "resv.resv", "pk": 278}, {"fields": {"owner": 2, "updated": "2014-09-20T04:37:18.816Z", "state": "Canceled", "created": "2014-09-15T02:45:31.275Z"}, "model": "resv.resv", "pk": 279}, {"fields": {"owner": 2, "updated": "2014-09-20T04:37:18.888Z", "state": "Canceled", "created": "2014-09-15T02:45:49.238Z"}, "model": "resv.resv", "pk": 280}, {"fields": {"owner": 2, "updated": "2014-09-20T04:37:19.186Z", "state": "Confirmed", "created": "2014-09-15T02:55:29.899Z"}, "model": "resv.resv", "pk": 281}, {"fields": {"owner": 2, "updated": "2014-09-20T04:37:19.150Z", "state": "Canceled", "created": "2014-09-15T02:55:58.530Z"}, "model": "resv.resv", "pk": 282}, {"fields": {"owner": 2, "updated": "2014-09-20T04:37:19.219Z", "state": "Confirmed", "created": "2014-09-15T03:22:54.685Z"}, "model": "resv.resv", "pk": 283}, {"fields": {"owner": 2, "updated": "2014-09-20T04:37:18.972Z", "state": "Canceled", "created": "2014-09-15T03:24:21.436Z"}, "model": "resv.resv", "pk": 284}, {"fields": {"owner": 2, "updated": "2014-09-20T04:37:18.922Z", "state": "Canceled", "created": "2014-09-15T03:37:03.543Z"}, "model": "resv.resv", "pk": 285}, {"fields": {"owner": 2, "updated": "2014-09-20T04:37:19.247Z", "state": "Canceled", "created": "2014-09-15T03:40:10.236Z"}, "model": "resv.resv", "pk": 286}, {"fields": {"owner": 2, "updated": "2014-09-20T04:37:18.882Z", "state": "Canceled", "created": "2014-09-15T03:43:49.833Z"}, "model": "resv.resv", "pk": 287}, {"fields": {"owner": 2, "updated": "2014-09-20T04:37:18.776Z", "state": "Canceled", "created": "2014-09-15T03:45:07.102Z"}, "model": "resv.resv", "pk": 288}, {"fields": {"owner": 2, "updated": "2014-09-20T04:37:18.837Z", "state": "Canceled", "created": "2014-09-15T03:46:44.352Z"}, "model": "resv.resv", "pk": 289}, {"fields": {"owner": 2, "updated": "2014-09-20T04:37:19.030Z", "state": "Canceled", "created": "2014-09-15T03:48:57.345Z"}, "model": "resv.resv", "pk": 290}, {"fields": {"owner": 2, "updated": "2014-09-20T04:37:19.214Z", "state": "Canceled", "created": "2014-09-20T03:50:51.570Z"}, "model": "resv.resv", "pk": 291}, {"fields": {"owner": 2, "updated": "2014-09-20T04:37:18.990Z", "state": "Canceled", "created": "2014-09-20T03:50:54.895Z"}, "model": "resv.resv", "pk": 292}, {"fields": {"owner": 2, "updated": "2014-09-20T04:37:19.067Z", "state": "Canceled", "created": "2014-09-20T03:52:48.267Z"}, "model": "resv.resv", "pk": 293}, {"fields": {"owner": 2, "updated": "2014-09-20T04:37:19.120Z", "state": "Canceled", "created": "2014-09-20T03:53:47.052Z"}, "model": "resv.resv", "pk": 294}, {"fields": {"owner": 2, "updated": "2014-09-20T04:37:19.143Z", "state": "Canceled", "created": "2014-09-20T03:55:17.788Z"}, "model": "resv.resv", "pk": 295}, {"fields": {"owner": 2, "updated": "2014-09-20T04:37:19.085Z", "state": "Canceled", "created": "2014-09-20T04:03:06.638Z"}, "model": "resv.resv", "pk": 296}, {"fields": {"owner": 2, "updated": "2014-09-20T04:43:36.487Z", "state": "Canceled", "created": "2014-09-20T04:43:22.900Z"}, "model": "resv.resv", "pk": 297}, {"fields": {"owner": 2, "updated": "2014-09-22T00:58:18.184Z", "state": "Confirmed", "created": "2014-09-20T22:03:54.296Z"}, "model": "resv.resv", "pk": 298}, {"fields": {"owner": 2, "updated": "2014-09-22T00:50:53.476Z", "state": "Canceled", "created": "2014-09-22T00:50:32.285Z"}, "model": "resv.resv", "pk": 299}, {"fields": {"owner": 2, "updated": "2014-09-22T00:51:36.862Z", "state": "Confirmed", "created": "2014-09-22T00:51:29.072Z"}, "model": "resv.resv", "pk": 300}]